Price,Close,High,Low,Open,Volume
Ticker,SPY,SPY,SPY,SPY,SPY
Date,,,,,
2021-03-09,361.41400146484375,363.97171719755994,359.6777208781766,360.1818060146198,113633600
2021-03-10,363.6636962890625,365.3626300474982,362.3475197320477,363.7663934988811,109899400
2021-03-11,367.35089111328125,369.32985611689054,365.67996072394084,366.1373834374629,86245000
2021-03-12,367.8456726074219,367.98568835649854,365.17594403357333,365.988063865654,64653600
2021-03-15,370.03936767578125,370.300739917359,365.9507366566855,368.0977208919714,73427200
2021-03-16,369.5726318359375,371.36489050741085,368.7978304984493,370.6554678400284,73722500
2021-03-17,370.83282470703125,371.6356006957716,367.13623784220084,368.2844240106245,97959300
2021-03-18,365.43731689453125,370.32872365366313,364.75586893126194,368.2377458306638,115349100
2021-03-19,364.7611083984375,366.71846014757364,362.578969155588,365.13571611364415,113624500
2021-03-22,367.673828125,369.0599085399018,365.2201139616466,365.2763037073153,73778600
2021-03-23,364.7798156738281,368.4884805083681,363.99313092593997,367.03686494632495,90686600
2021-03-24,362.9255065917969,367.82358782761884,362.878691342001,366.1846539544213,97588600
2021-03-25,364.96710205078125,365.76313262993534,359.53519081564076,361.48319642435774,116128600
2021-03-26,370.8486328125,371.2513354528067,365.51975365812234,366.1191203770628,114409100
2021-03-29,370.661376953125,371.5698159576754,367.87987019327437,369.3689556290485,108107600
2021-03-30,369.67791748046875,370.35222281435466,368.07642444952893,369.3875943515062,76262200
2021-03-31,371.1763916015625,372.74041546812293,370.2211375092786,370.2492323772652,112734200
2021-04-01,375.1847839355469,375.2410022566375,372.9090137092309,373.1150522840873,99682900
2021-04-05,380.5698547363281,381.1130603362482,377.77900235176537,377.8539124789563,91684800
2021-04-06,380.3450622558594,381.3939754285536,379.670756847593,380.0079238420964,62021000
2021-04-07,380.7852783203125,381.1317912570408,379.7176446390616,380.1765370600538,55836300
2021-04-08,382.59271240234375,382.6489021342962,381.1036273441264,382.04016098431885,57863100
2021-04-09,385.374267578125,385.54286537621095,382.3492818264006,382.471035788063,61104600
2021-04-12,385.5147705078125,385.7863447199532,384.16615960757355,384.77490083514505,56704900
2021-04-13,386.6573181152344,387.2848083159337,385.02775850316095,385.4117407781049,56551000
2021-04-14,385.3368835449219,387.6875641926555,384.7936778791733,386.6292763155988,61659900
2021-04-15,389.47625732421875,389.7478600943017,387.4346207591229,387.4814360108745,60229800
2021-04-16,390.77801513671875,391.3867562544257,389.34511988641407,390.76864065497745,82037300
2021-04-19,388.8581848144531,390.2910803620789,387.5283228451497,389.8415624370154,78498500
2021-04-20,386.01104736328125,388.7457093345843,384.53130834337946,387.6406066007117,81851800
2021-04-21,389.66357421875,389.8696127711152,385.2524800177592,385.3929829340343,66793000
2021-04-22,386.1047058105469,390.3284815889521,385.0370723441207,389.49498152787896,97582800
2021-04-23,390.29095458984375,391.7051292951182,386.5916644801472,386.6665745832702,73209200
2021-04-26,391.1058349609375,391.67713539485504,390.35661941365066,390.94664023299106,52182400
2021-04-27,391.0216064453125,391.60228144560665,389.87903399432275,391.405588757118,51303100
2021-04-28,390.90911865234375,392.41695260927986,390.44085185266897,391.2931008577655,51238900
2021-04-29,393.4003601074219,394.0184758048344,390.01011254525065,393.6438680253927,78544300
2021-04-30,390.8155212402344,391.9768425215657,389.91645684560837,391.12459338199886,85527000
2021-05-03,391.65838623046875,393.1942865637714,391.16202453619707,392.81030433526104,68128300
2021-05-04,389.2421569824219,390.15997035681755,385.54286577673696,389.6636086069614,101591200
2021-05-05,389.36383056640625,391.12451824567364,388.80190470993466,390.89038485387186,60162200
2021-05-06,392.4732360839844,392.6043359572241,387.42530505900004,389.4388470624038,74321400
2021-05-07,395.3296203613281,395.9852054159455,392.55748847526587,393.24116839903866,67733800
2021-05-10,391.4149169921875,395.91026755105577,391.29316303200807,395.6855085973349,81852400
2021-05-11,387.9215393066406,388.9142625462382,384.03493093492546,386.8820008235796,116888000
2021-05-12,379.6801452636719,386.40445062739644,378.3596292664934,385.13077846545326,134811000
2021-05-13,384.2409973144531,386.1796286907633,381.18788868784316,381.2347325154382,106394000
2021-05-14,390.14117431640625,390.9934233653557,386.9569656309203,386.98506049711693,82201600
2021-05-17,389.1484680175781,389.96327633452273,387.1255518204116,389.02674264587563,65129200
2021-05-18,385.7956848144531,389.6541989870204,385.63646151399263,389.41069108540063,59810200
2021-05-19,384.78424072265625,384.9621844206521,379.60521025643015,381.0943240619195,106467100
2021-05-20,388.9237365722656,390.18806285746604,385.54286343600126,385.6645888163089,78022200
2021-05-21,388.6053161621094,391.6584253302021,388.1464237708593,390.4128194386064,76578700
2021-05-24,392.56683349609375,393.64384150721315,390.609452962444,390.85296086401064,51376700
2021-05-25,391.69586181640625,394.0091012947467,391.1152154711999,393.6532139010418,57451400
2021-05-26,392.4732360839844,392.9789437702944,391.24637906225144,392.2859178870772,43088600
2021-05-27,392.67926025390625,394.01849671232554,392.3982829688595,393.5034145608544,56707700
2021-05-28,393.3816223144531,394.514820085861,393.14748889006984,394.25259179378133,58520200
2021-06-01,393.0350646972656,395.8914807174247,392.59489276628096,395.75100639492683,54216600
2021-06-02,393.6531677246094,394.49607085534825,392.67919332852506,393.69063707237825,49097100
2021-06-03,392.1922302246094,393.3348025487419,389.86027032089925,391.3306351753736,58138800
2021-06-04,395.7791748046875,396.0788724688653,392.257798702454,394.04658162329105,55938800
2021-06-07,395.3951110839844,395.94766246182473,394.45857751190186,395.76971879667013,51555000
2021-06-08,395.4794006347656,396.3503700083469,393.6438028130732,396.2567109338169,47134300
2021-06-09,394.8893737792969,396.39720768785315,394.66461486850045,396.3222689970968,48436300
2021-06-10,396.7250061035156,397.68028871902106,394.79574906929327,396.11626494663284,51020100
2021-06-11,397.380615234375,397.4929947063824,395.98518915571566,397.2776102452818,45570800
2021-06-14,398.27032470703125,398.3733296938015,396.2474085142983,397.4929857419434,42358500
2021-06-15,397.5398254394531,398.4576101510953,396.6594814967525,398.42016938215374,51508500
2021-06-16,395.3201904296875,397.90503235240567,393.26920810752716,397.6802734306868,80386100
2021-06-17,395.1891174316406,396.1724663616995,392.70730889994087,394.90816876040657,90949700
2021-06-18,389.85791015625,392.5921143691672,389.6511975047522,391.89682121151446,118676300
2021-06-21,395.4390869140625,395.62701792977555,390.80687698663155,391.6243224239138,72822000
2021-06-22,397.5531921386719,398.389447903807,394.70621208953673,395.4297207120128,57700300
2021-06-23,397.0740051269531,398.4364046264242,396.9894447724409,397.6283643449203,49445400
2021-06-24,399.4229736328125,399.84577537805154,398.97195643031233,399.225666151701,45110300
2021-06-25,400.84173583984375,401.2927530302253,399.8457646343818,400.17462954356137,58129500
2021-06-28,401.6498718261719,401.81899254797867,400.1653199221193,401.3680039564939,53159600
2021-06-29,401.86590576171875,402.6739459356344,401.3303282468715,402.03502644822527,35970500
2021-06-30,402.2041015625,402.8806129061164,401.37725117872,401.4054379566106,64827900
2021-07-01,404.43109130859375,404.59083555803204,402.8995422418196,402.9653209724266,53441000
2021-07-02,407.5223388671875,407.8793906014604,404.51561458575566,405.5961749418704,57697700
2021-07-06,406.780029296875,407.79481088022624,404.0364200440292,407.57869308441616,68710400
2021-07-07,408.2175598144531,408.4994562952336,405.44576413602323,407.46589321419077,63549500
2021-07-08,404.89141845703125,405.6524902342203,401.6967636141339,402.8806657894251,97595200
2021-07-09,409.2135925292969,409.5142706843359,404.6941297476529,406.4042044959093,76238600
2021-07-12,410.6793518066406,410.93306153821294,408.69681441503684,409.1290213300447,52889600
2021-07-13,409.2793273925781,411.3934220558517,409.0162412036738,409.8900601160083,52911300
2021-07-14,409.8900451660156,411.46859091611077,408.64039298286,410.9799818157925,64130400
2021-07-15,408.4900817871094,409.22296681332864,406.58269968847173,408.54645535264586,55126400
2021-07-16,405.2860412597656,409.7209432529059,404.89142630984423,409.6739748407586,75874700
2021-07-19,399.30078125,405.3517919065615,396.4819885344928,400.4470914346093,147987000
2021-07-20,405.02301025390625,406.300878124811,399.16930585570464,399.9679696907391,99608200
2021-07-21,408.3021240234375,408.44308660228415,404.97596917781965,406.2256213642959,64724400
2021-07-22,409.1571960449219,409.40150061648984,407.4941184807939,408.4806845710952,47878500
2021-07-23,413.3666076660156,413.70484906884116,410.4068806943092,411.09276865256516,63766600
2021-07-26,414.38128662109375,414.39069177202066,412.7276144896714,412.7745828958248,43719200
2021-07-27,412.49273681640625,413.36655567137274,409.65513381425745,413.3383688913494,67397100
2021-07-28,412.3235778808594,413.7047874183934,410.89539993579183,413.12224152861904,52472400
2021-07-29,414.0337219238281,415.1142535469897,413.24446329453843,413.25386844732344,47435300
2021-07-30,412.0229797363281,413.4793446420124,411.32765796830415,411.4592154045569,68951200
2021-08-02,411.1584777832031,414.2967300777739,410.80142613559934,413.7423709785831,58783300
2021-08-03,414.5034484863281,414.6256007542447,409.7584923853187,411.9571471850933,58053900
2021-08-04,412.4645690917969,414.47529306625523,412.22966968933605,413.2162357099742,46732200
2021-08-05,415.07666015625,415.1612205024383,413.3102120156651,413.62967177045795,38969700
2021-08-06,415.7625732421875,416.1854036729654,415.1142485412592,415.39614505319315,46930000
2021-08-09,415.4243469238281,416.0538613422752,414.6538699071719,415.7344015565451,41222600
2021-08-10,415.94097900390625,416.6550822188625,415.1893125376011,415.87520030268917,43339300
2021-08-11,416.974609375,417.0685748670529,415.88467275051914,417.0122013066696,44034300
2021-08-12,418.224365234375,418.3653278445294,415.92236781659506,416.8243736806364,38909400
2021-08-13,418.9854431152344,419.0042247475867,418.18677928941827,418.6753597988097,39470300
2021-08-16,419.971923828125,420.1034525763225,416.11956808546233,417.6793034807547,73740000
2021-08-17,417.21893310546875,418.0833468539245,414.2216144188741,417.40683542397306,92673900
2021-08-18,412.65252685546875,417.77334598687406,412.40825094257275,416.2042051509301,89351900
2021-08-19,413.29144287109375,414.4941554902012,409.7773565441613,409.91829046851075,92812200
2021-08-20,416.5799560546875,416.9088209320755,413.1504307316215,413.6390398091952,72008700
2021-08-23,420.2444152832031,421.1558260664564,416.65514571004115,418.2712546656788,54973000
2021-08-24,420.9115295410156,421.44710704404645,420.3947623411215,420.9115295410156,38744700
2021-08-25,421.7947692871094,422.3115365062703,420.7236142411114,421.0994762269488,40529700
2021-08-26,419.30487060546875,421.7478016384588,419.2109051024509,421.512902218037,57829600
2021-08-27,423.0538330078125,423.4296663250528,420.05651427346226,420.1128878373361,77235100
2021-08-30,424.914306640625,425.7035653205543,423.48609968949273,423.7304042836071,48357400
2021-08-31,424.2847595214844,425.1585785509244,423.6834318695061,424.82033712310806,59300200
2021-09-01,424.5102233886719,425.7410940643304,424.2753239669928,425.22432680633483,48721400
2021-09-02,425.8162841796875,426.624324438472,424.6136002700282,425.93843646863075,42501000
2021-09-03,425.712890625,426.22968653702213,424.27530736753846,424.67935614944514,47170500
2021-09-07,424.1907958984375,425.4592586068878,423.5142843655472,425.3652930962159,51671500
2021-09-08,423.6739807128906,424.3880841041836,421.74778832170443,423.65519908257835,56181900
2021-09-09,421.8605651855469,425.233717323856,421.6162606196501,423.47667429804756,57970400
2021-09-10,418.534423828125,424.21897874285884,418.41227153281125,423.7961769601356,89948200
2021-09-13,419.60546875,421.8041522895671,417.2846616131166,421.54106611784215,83738600
2021-09-14,417.3410339355469,421.2591394505679,416.4484048413986,421.05242685372514,78197100
2021-09-15,420.8269958496094,421.32498145214555,416.6551800315069,417.7638983655694,78792200
2021-09-16,420.15985107421875,421.2779457838027,417.2000958380673,420.30078497254937,77786700
2021-09-17,416.0670471191406,419.8092009655331,415.70885157843173,419.3850447458292,118425000
2021-09-20,409.1295166015625,411.50487801227933,404.2467861081484,409.9213037384681,166445500
2021-09-21,408.7430419921875,412.77740239408223,408.2151839034243,411.4765989731629,92526100
2021-09-22,412.7302551269531,414.7757267973973,408.8561507112312,411.0241372373776,102350100
2021-09-23,417.7449035644531,419.35678355873563,414.3703804133432,414.6060323552564,76396000
2021-09-24,418.4330139160156,419.1494050182944,415.8879614592612,416.10477159971555,62094800
2021-09-27,417.2359619140625,418.56501369827305,416.5384125284229,417.3961891431446,61371100
2021-09-28,408.8279113769531,414.785200381323,408.0926783443076,414.4552818535476,130436300
2021-09-29,409.5160217285156,411.9573727856747,408.9504512241524,410.21354238310084,82329200
2021-09-30,404.5107421875,411.7028158417851,404.1713884067889,410.9958599619211,140506000
2021-10-01,409.31805419921875,411.0053304314514,402.71039223736494,406.2451719392957,129240100
2021-10-04,404.0394287109375,409.0540804379198,401.89025527152086,408.14918498760755,128570000
2021-10-05,408.243408203125,410.49622568957915,404.7463416257037,405.54753517269626,90682500
2021-10-06,409.94012451171875,410.147499377374,403.00254494453645,404.63323802045085,113032200
2021-10-07,413.4842834472656,416.3309482512412,413.050691974127,413.22978973248706,72437500
2021-10-08,412.7302551269531,414.64377665813777,412.098723983002,414.2573039916996,74557400
2021-10-11,409.7421569824219,414.99248894914547,409.6761675373717,412.07039922916306,65233300
2021-10-12,408.733642578125,411.0713205807312,407.94185537549487,410.6660060780951,71181200
2021-10-13,410.2041015625,411.02416583800897,406.77302374359545,409.76107469610764,72974000
2021-10-14,417.1039733886719,417.25479409651945,413.4089379616776,413.8802418864106,70236800
2021-10-15,420.280517578125,420.6481484124566,418.602676915053,419.22480148892544,66260200
2021-10-18,421.5247802734375,421.86410527039766,417.8297450763768,418.4895820363863,62213200
2021-10-19,424.77679443359375,424.84275511760603,422.54278977547085,423.1555078607133,46996800
2021-10-20,426.4452209472656,426.74686236318604,425.1255757102496,425.23868404969255,49571600
2021-10-21,427.5574035644531,427.78362019691554,425.4082592577517,425.84185072533893,41305400
2021-10-22,427.11444091796875,428.5755002648435,425.1632358718283,427.123876201105,58845100
2021-10-25,429.40496826171875,429.7348867422343,426.4263529523227,428.20786672133556,45214500
2021-10-26,429.79144287109375,432.17623944578014,429.4144055056858,430.9602960997976,56075100
2021-10-27,427.88739013671875,430.92258842537706,427.8119654031517,430.25334493703315,72438000
2021-10-28,432.0160217285156,432.0914176968122,429.31074189544364,429.3201484126634,51437900
2021-10-29,432.8926086425781,433.18481474342184,429.41438374816806,429.7065898490118,70162400
2021-11-01,433.6373291015625,434.25945374272055,431.9029340865654,433.88238758484846,48433600
2021-11-02,435.3905029296875,435.7015795883174,433.6749499643309,433.80692885371445,48908400
2021-11-03,438.0487060546875,438.4540205123054,434.38194783725373,434.824974662078,52509800
2021-11-04,440.1130065917969,440.19783784094693,438.303186978276,438.6519472579283,52847100
2021-11-05,441.6400451660156,443.63836916180196,440.12246036838644,442.34700103807825,66390600
2021-11-08,442.01702880859375,443.24243609752784,441.3289435870791,442.74285515931524,50405200
2021-11-09,440.5560607910156,442.6203742803155,439.1421490184052,442.3847223182138,51149100
2021-11-10,437.0118713378906,440.5560862579335,435.52256350840406,438.85937477305515,69429700
2021-11-11,437.1531982421875,438.58598047307254,437.1343564424519,438.5105557419173,34848500
2021-11-12,440.45233154296875,441.0084666869661,437.4736874755457,438.4257305483091,53466700
2021-11-15,440.6031188964844,441.9039221504196,439.47200689409635,441.74369494731434,46980500
2021-11-16,442.34698486328125,443.48753224066024,440.2638296909527,440.33922565746155,48857500
2021-11-17,441.2723693847656,442.2620959339399,440.65024486930344,442.08299817496885,47858300
2021-11-18,442.7711181640625,443.0350471651785,439.5756643046647,442.3092208375317,50625600
2021-11-19,441.9794006347656,443.91173518602335,441.611769772154,442.6580506590797,57315600
2021-11-22,440.7351379394531,446.36250768150074,440.5277630718727,443.86460275344604,72762000
2021-11-23,441.3196105957031,442.17738726694466,437.7942661302952,440.4052797497521,73206500
2021-11-24,442.4978332519531,442.6203768755419,438.4917498727346,439.3118141030796,61858800
2021-11-26,432.62872314453125,437.2757729097936,431.49758222572393,435.80530697500916,112669600
2021-11-29,437.93560791015625,439.78311122075047,435.23032801383044,437.4360269059508,86268800
2021-11-30,429.4143981933594,437.3982872450258,429.1693109652695,435.48479460121024,148559600
2021-12-01,424.644775390625,438.0015393624395,424.4468358250854,435.1454391380923,131939200
2021-12-02,431.1488342285156,432.7230020293936,424.4657478783706,424.86165584108255,127637800
2021-12-03,427.3972473144531,433.8823649056814,423.1555121550906,432.81724224030523,137331600
2021-12-06,432.45904541015625,434.3442610310532,427.52919620571214,429.9517051824305,98977500
2021-12-07,441.4043884277344,441.9699588724803,432.32707052619116,437.7565007699795,95484700
2021-12-08,442.57318115234375,443.02564322888617,440.03756399938356,441.8002646583124,72238800
2021-12-09,439.5851745605469,442.67692714355326,439.387234967476,441.28185717622887,61272600
2021-12-10,443.7232360839844,443.874056800748,439.7360230553413,442.2999177081025,77159800
2021-12-13,439.79254150390625,443.55353753495234,439.5097418956549,443.2047772409396,87724700
2021-12-14,436.7667236328125,439.0101347338108,433.83522726823674,436.5122298900504,97264100
2021-12-15,443.59112548828125,443.8361838940377,434.29699994642493,436.82321008084534,116899300
2021-12-16,439.67938232421875,445.73090777517467,438.12405657395834,445.4481369657299,116568600
2021-12-17,434.9999694824219,439.60659254948297,433.28785760056076,436.58910721798844,135511600
2021-12-20,430.3744201660156,430.77169014947333,426.7420931242701,429.9014604647388,107134800
2021-12-21,438.0174255371094,438.1593076705926,431.6324697258457,433.80807275170514,69806300
2021-12-22,442.3970642089844,442.5105699227821,437.5634008705162,437.7620647368325,58890200
2021-12-23,445.14971923828125,446.6537277682901,443.2957251145635,443.3997624025647,56439700
2021-12-27,451.449462890625,451.4967473096525,446.4833864717361,446.5306708907636,56808600
2021-12-28,451.08056640625,452.91565229770765,450.3143740241347,451.8846036460607,47274600
2021-12-29,451.65765380859375,452.6792341682965,450.18202169614966,451.1846940580111,54503000
2021-12-30,450.4089660644531,453.09537358364463,449.94547481539996,452.0832329400034,55329000
2021-12-31,449.27386474609375,451.0711058110778,448.99956890774945,449.9171118694179,65237400
2022-01-03,451.8751525878906,452.0075951613326,448.22391752702976,450.5414027577386,72668200
2022-01-04,451.72381591796875,454.0224220905845,449.8603534710493,453.303514080452,71178700
2022-01-05,443.0497131347656,452.1305447371283,442.95511542561405,451.35488393612025,104538900
2022-01-06,442.633544921875,445.3577975269539,440.25927789073734,442.58626049675826,86858900
2022-01-07,440.8835754394531,443.8253998227985,439.5214491762915,442.6430005573575,85111600
2022-01-10,440.33489990234375,440.5524428650343,431.90675552654443,437.6768689948834,119362000
2022-01-11,444.3455810546875,444.4401787559662,437.06199106371037,440.07003630824613,74303100
2022-01-12,445.5469055175781,447.6090315640581,443.5794060432317,446.0860864554399,67605400
2022-01-13,439.407958984375,447.3063921299082,438.3769102525567,446.6537054029599,91173100
2022-01-14,439.5877380371094,439.93772365473285,435.0283988405824,436.24864315290205,95890900
2022-01-18,431.8027038574219,435.08504507309425,430.6865259809416,434.8769416667024,109709100
2022-01-19,427.3190612792969,434.7539734256139,427.04473658825316,433.3540312792543,109357600
2022-01-20,422.58953857421875,433.9311041940373,420.46121968940173,429.2109751047605,122379700
2022-01-21,414.2938537597656,423.8287100959398,414.2654773280308,421.463911227455,202271200
2022-01-24,416.05322265625,416.5640272607591,398.00509159103694,408.6655937906519,251783900
2022-01-25,410.9736022949219,415.93967913794035,404.0494653685355,409.6398524787366,167997300
2022-01-26,409.9425048828125,420.0260079380278,405.6669312340907,416.885548979642,186391100
2022-01-27,407.91827392578125,417.7085455157903,406.225098979547,414.5586466067945,149878300
2022-01-28,418.0491027832031,418.0963872077387,404.68325664580124,409.28041120998864,164457400
2022-01-31,425.57861328125,425.9285988508346,416.0248212857858,417.37747913959595,152251400
2022-02-01,428.4541931152344,429.09741136310794,422.76920842520514,426.30693765567827,123155400
2022-02-02,432.6161804199219,433.34452785977004,428.5487102714171,430.86622401109804,117361000
2022-02-03,422.4476318359375,428.4731341093042,421.60574966980835,426.5623872138765,118024400
2022-02-04,424.43402099609375,428.293359216209,419.82736954460256,422.21110476532647,118454400
2022-02-07,423.0718994140625,426.60016012871563,421.738149661157,425.2002179600923,84472900
2022-02-08,426.55291748046875,427.4799289301471,421.1422570922283,422.5706046938253,81012000
2022-02-09,432.7959289550781,433.11753805625085,430.4027542567096,430.6013892288997,92589900
2022-02-10,425.0205383300781,432.95678758172915,423.0151936953488,426.93128524545455,140103700
2022-02-11,416.6396179199219,427.1866126231048,415.20183093771124,425.1056074278394,153214600
2022-02-14,415.2775573730469,417.7180457832857,411.79658063441923,416.12890799397803,123006300
2022-02-15,421.9746398925781,422.14489845233356,419.2125426099258,419.7328155876255,88482700
2022-02-16,422.4476318359375,423.82866614912444,418.03964373808554,419.92201420472077,84863600
2022-02-17,413.4235534667969,422.4192566946621,412.81818002832114,419.2504207563761,102259100
2022-02-18,410.7466125488281,414.937028777914,408.4669432136912,413.6789397456878,132642900
2022-02-22,406.338623046875,411.9479184294001,402.8292411204385,408.5331630880986,124391800
2022-02-23,399.1307067871094,409.8290530099485,398.56314936740426,409.2614955902434,132578000
2022-02-24,405.1373291015625,405.5724728761173,388.4324153595636,388.7918405378163,213942900
2022-02-25,414.076171875,414.16130114759056,404.7210161801681,406.37637494837196,121804500
2022-02-28,413.0168151855469,414.501915654171,407.4075197600478,408.66557993038384,145615000
2022-03-01,406.7264709472656,413.52763436039083,404.0116577742562,411.51282123663765,137785900
2022-03-02,414.20867919921875,415.9396990802248,408.23046138487615,408.9871853932259,117726500
2022-03-03,412.146484375,417.25444275036347,410.33977507312505,416.6490694177286,105501700
2022-03-04,408.79803466796875,409.93312072448435,404.7400320130342,408.4007357845267,113978200
2022-03-07,396.7469482421875,408.92092572544067,396.6807269592001,408.2114862090071,137896600
2022-03-08,393.73895263671875,404.10622124075445,392.67005908949244,396.92669641529477,164772700
2022-03-09,404.2953796386719,406.2818159822058,399.9536134280835,402.1481531765051,116990800
2022-03-10,402.46978759765625,403.3683936870223,397.7023458467199,399.6698454526476,93972700
2022-03-11,397.35235595703125,405.58183714067377,396.8415514153587,404.96699532473235,95636300
2022-03-14,394.44842529296875,401.5901058587185,393.30387079878767,398.1280659463087,95729200
2022-03-15,403.12249755859375,403.75624741323844,395.79162195110837,397.0685900922245,106219100
2022-03-16,412.0614013671875,412.118154221395,401.82654660662627,406.64130172019,144954800
2022-03-17,417.2167053222656,417.2167053222656,409.76285531991505,410.14121733245054,102676900
2022-03-18,421.7864074707031,422.1090157615705,414.8597546724606,415.5998628590039,106345500
2022-03-21,421.6629943847656,423.6271083158259,418.1427105740209,421.6155341135983,88349800
2022-03-22,426.59710693359375,427.5364671803006,423.0578558191134,423.0578558191134,74650400
2022-03-23,421.1031799316406,425.55332638564335,421.0177861842086,424.0541434470879,79426100
2022-03-24,427.4510498046875,427.4605476512933,422.01411175984157,423.13375729905124,64736900
2022-03-25,429.53857421875,429.8137511747799,425.49642945960795,428.0868224887111,77101300
2022-03-28,432.5938720703125,432.5938720703125,427.04304675034354,428.94076282849704,68529800
2022-03-29,437.94537353515625,438.43879819961757,433.7988689428911,436.49362203558076,86581500
2022-03-30,435.24114990234375,437.6132947591107,433.1251862656429,436.79726187082275,79666900
2022-03-31,428.5422668457031,435.29813157975457,428.086804553789,434.47262970310084,121699900
2022-04-01,429.7567443847656,430.26910681563794,426.17006258443,430.12678391817343,89048800
2022-04-04,433.4383850097656,433.54277446230515,429.1305899205864,429.95609186593896,59601000
2022-04-05,427.9634094238281,434.4156320427128,426.81529938704466,431.93912663814103,74214500
2022-04-06,423.6840515136719,425.97080270252854,420.7900462798935,424.0351532872962,106898000
2022-04-07,425.81903076171875,427.6408510190052,420.8470236814181,422.80166901253705,78097200
2022-04-08,424.680419921875,427.5839233445298,423.1337766107068,425.05995736438757,79272700
2022-04-11,417.421630859375,422.24181683640415,416.9187372695067,421.397319303444,89770500
2022-04-12,415.875,422.95347289670224,414.3188589093481,420.42000917950406,84363600
2022-04-13,420.63824462890625,421.3973194587367,415.44799012468565,415.62827546421886,74070400
2022-04-14,415.40057373046875,421.9856509126384,415.2961842874288,420.865976406667,97869500
2022-04-18,415.5714111328125,417.26037750600096,413.3320908088153,414.4707321880482,66002500
2022-04-19,422.27978515625,423.000897567329,415.2961750081894,415.4669625036937,77821000
2022-04-20,421.9666442871094,424.6803932967964,420.7995674484736,424.06364137177405,65224400
2022-04-21,415.65673828125,426.9956031035997,414.745842697952,425.6007806681519,85417300
2022-04-22,404.25140380859375,415.67563139698734,403.6820833110463,414.56548393577106,132471800
2022-04-25,406.5951843261719,406.76597183059135,397.4197139696294,402.00271470283917,119647700
2022-04-26,394.81976318359375,404.2514126726448,394.7912986059344,404.05213167218534,103996300
2022-04-27,395.9299621582031,401.2910329549323,393.7855627963593,395.9014975768421,122030000
2022-04-28,405.930908203125,407.66733442866166,396.243076858,400.69322286061686,105449100
2022-04-29,390.929443359375,404.09009741413075,390.17983753239577,401.9267026237167,145491100
2022-05-02,393.2826843261719,394.64904219767647,384.3064665675945,390.9959330128461,158312500
2022-05-03,395.0854797363281,397.5050559376166,392.2199101812944,393.7855489717306,100028200
2022-05-04,407.1170349121094,407.6863555366896,392.55205797111023,395.74970498454525,144247900
2022-05-05,392.6469421386719,403.26466589369136,388.5004371483432,402.83766819412307,172929100
2022-05-06,390.3032531738281,393.5862938041911,384.9801735986201,390.07553651597715,151770800
2022-05-09,377.8067932128906,385.62537367241526,376.2221876512533,384.3823720398505,155586100
2022-05-10,378.6797790527344,385.31228796506707,374.62816535383854,383.8036070473492,132497200
2022-05-11,372.6640319824219,383.37664841900136,371.9144259489371,377.7119642029677,142361000
2022-05-12,372.2748718261719,375.5579117596013,365.452581816771,369.45676295610747,125090800
2022-05-13,381.17523193359375,382.56055648756023,375.3776945718479,376.4214441495683,104174400
2022-05-16,379.628662109375,383.3102364454551,377.26601453009664,379.5243016098687,78622400
2022-05-17,387.4377746582031,387.6749892005404,381.99130907548,385.73931042714963,83029700
2022-05-18,371.8194885253906,383.1488555613553,370.57648684005943,382.86420973908423,117674500
2022-05-19,369.542236328125,373.9829138685316,367.31241418995535,368.7451990662184,98510700
2022-05-20,369.7035827636719,376.7251268482513,361.07846618817206,373.138444421243,131432200
2022-05-23,376.6207275390625,377.38930019728645,370.415188153358,372.7398728634355,76414900
2022-05-24,373.7456970214844,374.9412384284281,367.1700889774752,372.4836996470706,91448800
2022-05-25,377.0476989746094,379.02133983121746,371.84797566495524,372.24647980927637,91472900
2022-05-26,384.5815734863281,386.2231079939355,378.07242252412993,378.2811724097399,82168300
2022-05-27,394.0227966308594,394.13665496189145,386.84943220734834,387.0486842866544,84768700
2022-05-31,391.8119201660156,395.1613876894027,389.0602378053124,392.40020748267347,95937000
2022-06-01,388.6427001953125,394.95259938064316,386.1187347298113,393.93734344422586,86585800
2022-06-02,396.04388427734375,396.0913155981684,386.2231974480646,388.4814842908441,79609600
2022-06-03,389.54425048828125,392.86525416229904,388.5669277082016,391.30911282718364,71874300
2022-06-06,390.730224609375,395.3036979360481,389.5536210568921,393.56730062291246,57508900
2022-06-07,394.4782409667969,394.93370326048847,386.76402029869297,387.22898043918536,59272400
2022-06-08,390.18939208984375,394.55414472787754,389.39235483614425,392.76078918941744,64350000
2022-06-09,380.9095153808594,390.68274010880896,380.9095153808594,388.4054869539983,86289800
2022-06-10,369.8648376464844,375.539018923671,369.81740632911726,374.6850525131261,132893900
2022-06-13,355.8217468261719,362.28346743198733,354.2086766578207,360.42371387649325,170004900
2022-06-14,354.7495422363281,358.6114013157457,351.6372890983715,357.5771495518812,104011800
2022-06-15,359.8070373535156,364.266653473925,353.0891051501851,358.0611128012884,125666800
2022-06-16,347.8988037109375,351.9694129173552,345.4602315344534,351.56141089908436,134473300
2022-06-17,348.6487121582031,352.0031382377941,345.1323288130653,348.3152005903648,111113900
2022-06-21,357.42547607421875,358.8167847118206,354.3188279292555,354.39508075105675,76811900
2022-06-22,356.7774963378906,360.90378632423085,352.76552742803,353.1848307301624,90059400
2022-06-23,360.27484130859375,361.00860756659887,355.3480709955404,358.9216589541497,79292100
2022-06-24,371.7294006347656,371.738939509623,363.42915449401596,363.4577420366525,98050300
2022-06-27,370.3094177246094,372.9490971513141,369.21352340358396,372.653682919088,66009600
2022-06-28,362.74298095703125,374.6644792020002,362.6286308001763,371.87232290504204,86548900
2022-06-29,362.44757080078125,364.2867703688928,360.61791010649307,363.29571627695856,65676000
2022-06-30,359.5028991699219,362.75248486298585,355.03353011810066,358.5404036392867,112508300
2022-07-01,363.3052062988281,363.74358732379653,356.21520605993095,358.8453758820179,74839700
2022-07-05,363.9913635253906,364.0104412734267,355.3575774256308,358.197399099367,81438000
2022-07-06,365.2206115722656,367.7173531743937,361.74232584986754,364.13422710493705,70426200
2022-07-07,370.690673828125,371.4911540880881,365.23975951148003,367.00273549110653,64525900
2022-07-08,370.3857727050781,372.2630989693945,367.5173631175756,369.0516097738158,72397800
2022-07-11,366.1546325683594,368.6704236096154,365.45896357627913,367.6984180612563,58366900
2022-07-12,362.9145202636719,367.9937962223962,361.16108326606883,365.6018653816874,62219200
2022-07-13,361.0086364746094,363.9532987804005,357.0348226323127,357.4541259795869,84224600
2022-07-14,360.1319274902344,361.21828317909234,353.5851185689936,356.03419557677825,89704800
2022-07-15,367.0122985839844,367.1266487598198,362.63822986665895,364.5536534757757,79060400
2022-07-18,363.9818420410156,370.78593810865794,362.75251969143335,370.10934695957155,63203600
2022-07-19,373.81640625,374.38818622712296,367.26008696906104,367.91760049852417,78506000
2022-07-20,376.19873046875,377.6186558198573,372.6346814850552,374.00694154890255,71843800
2022-07-21,380.0296325683594,380.07726877334886,373.2064587109506,375.6174381384512,64903900
2022-07-22,376.50372314453125,381.35427008262405,374.2738075771249,380.15356421213477,72197300
2022-07-25,376.96112060546875,377.8187758914489,374.71212748110185,377.1326458462782,53631500
2022-07-26,372.5012512207031,375.5221076154194,371.605469613467,375.31245598219533,52946400
2022-07-27,382.17376708984375,383.9272039462675,375.51257991177977,375.80799416530095,82342100
2022-07-28,386.9671325683594,387.66277234408295,379.4197027391323,382.98378055829,73966600
2022-07-29,392.608642578125,393.5997257422066,387.63420717412276,388.40609981595657,87003700
2022-08-01,391.4460144042969,393.961834059431,389.18751167139686,389.90222919861486,69997500
2022-08-02,388.86358642578125,393.5711957915866,387.6819291877356,389.8737184031951,63435400
2022-08-03,394.95294189453125,396.125060100099,390.71227266816476,390.9981480641734,67820600
2022-08-04,394.6861267089844,395.562830670343,393.0375009919587,394.87670061792033,45656600
2022-08-05,394.0190734863281,394.66707717050787,390.3311350966772,390.388310181638,56814900
2022-08-08,393.56158447265625,397.97377871678725,392.4561511932812,395.71527595505336,53886100
2022-08-09,391.9987487792969,393.33288235794674,390.9219030430517,392.82781646453174,44931800
2022-08-10,400.2323303222656,400.3752971125264,397.11617195301557,399.07926069918796,68665700
2022-08-11,400.2323303222656,404.95901714510643,399.4890251570347,403.0912008165285,59489700
2022-08-12,407.0078430175781,407.1126543031395,401.2233884335798,402.17634520529884,61694500
2022-08-15,408.6850891113281,409.2092328643865,404.7303237255908,404.78749881400626,54048300
2022-08-16,409.4855651855469,411.4200664046575,406.79821992098886,407.60823905019834,59289000
2022-08-17,406.57904052734375,409.29497340825594,404.5683155020595,405.87386175365134,63563400
2022-08-18,407.76068115234375,408.4467820994696,405.483100541327,406.7791077729189,49023200
2022-08-19,402.2812194824219,405.2544402076987,401.4044863824872,404.9876134524029,68016900
2022-08-22,393.9046630859375,397.6021397850265,392.99934257592776,397.4305854744403,77695600
2022-08-23,392.9517822265625,395.8773668795127,392.39905094051335,393.4758968870475,49105200
2022-08-24,394.2096252441406,395.58185618674804,392.03688505227575,392.7229859826137,49177800
2022-08-25,399.77496337890625,399.8225995917219,394.6099241208532,395.70581875304526,50942300
2022-08-26,386.24285888671875,400.2036680435003,386.1856838140656,399.66050485329504,103087000
2022-08-29,383.68902587890625,386.74800926201755,382.3263045463414,383.27926140804027,65370800
2022-08-30,379.4768981933594,385.0898273941945,377.37087192480084,384.8515882073733,85652400
2022-08-31,376.58953857421875,382.3644556415007,376.45613971743177,381.1160843037115,76029700
2022-09-01,377.7711181640625,378.1141686261382,371.69124959831555,374.4071820841404,78740100
2022-09-02,373.7877502441406,382.66931422719347,371.96759934267,381.4495307376448,99632100
2022-09-06,372.3774108886719,375.57933179810465,370.1474954520454,374.6359138662064,76637400
2022-09-07,379.0671691894531,379.83906190032036,371.8437691661729,372.06293062608904,70964200
2022-09-08,381.5448303222656,382.0022309523516,375.5793117281485,376.78958541975953,80821700
2022-09-09,387.4721984863281,388.33939256969063,383.5269438047842,383.79377051643957,76706900
2022-09-12,391.6366271972656,392.3608836158905,389.24469650665134,389.5496496389072,69256300
2022-09-13,374.6073303222656,384.1368984857324,373.48284825864073,382.92662471653426,122947100
2022-09-14,376.0367126464844,377.56144915452813,372.7204129226339,375.91282362467837,85023700
2022-09-15,371.76751708984375,377.3327815354644,370.4905584164042,374.473911020677,87633800
2022-09-16,368.9313049316406,369.59154848057193,365.63008718698416,367.5725640058656,103084800
2022-09-19,371.7923583984375,371.7923583984375,365.69709245580265,365.7736585180336,73278500
2022-09-20,367.5247497558594,369.467197620889,364.75940646491324,368.45291622543897,77274900
2022-09-21,361.1137390136719,372.51963061277917,361.10416095449915,369.4576302203021,106746600
2022-09-22,358.0803527832031,361.9843745521678,357.3339943920161,360.3385548688589,89472600
2022-09-23,352.0808410644531,354.6356713333718,347.62181686473184,354.5973883012247,122346900
2022-09-26,348.5978698730469,354.2434061426016,347.3730754647319,350.607305955811,92581200
2022-09-27,347.7079162597656,354.42514263246454,345.3061598238864,352.14778414446056,108294100
2022-09-28,354.5495300292969,356.24318175796077,346.96154744867806,348.6647772350154,110802200
2022-09-29,347.14337158203125,351.27703369645445,344.18664256070633,350.9899839667711,112952300
2022-09-30,341.77532958984375,350.1288276674464,341.64138277467254,346.19607091427036,153711200
2022-10-03,350.7985534667969,352.6548860200817,343.7177120869297,345.50705664466255,89756500
2022-10-04,361.66864013671875,361.6973451071636,350.7603133467815,356.33886008011194,103602800
2022-10-05,360.8266296386719,363.0944101650707,354.9514544776004,357.2862230097623,88065700
2022-10-06,357.1044006347656,362.38631999103904,356.6068088422916,359.42001295633844,82333500
2022-10-07,347.14337158203125,357.19052094050096,345.3731537119263,353.0568296246811,107789500
2022-10-10,344.49285888671875,348.5021527143666,342.24423427525903,348.26293484494323,76042800
2022-10-11,342.3111572265625,347.37301498969447,340.3687094983833,342.78959291529037,92482800
2022-10-12,341.1820983886719,344.3015088110952,340.9333024551827,342.7226766824615,76991800
2022-10-13,350.1862487792969,351.65983900154305,333.09650934849225,334.1490737929538,147254500
2022-10-14,342.2059326171875,354.2912233950089,341.5648159134059,352.6549522321895,123737000
2022-10-17,350.99957275390625,352.1095470782715,341.8710114527869,348.31076646522916,93168200
2022-10-18,355.1236267089844,359.2573174594004,351.6693063601594,358.9511116553564,97162900
2022-10-19,352.6070861816406,355.8126109872074,349.7843040689634,353.07594379032565,79746900
2022-10-20,349.65032958984375,356.5972242614072,348.8848150632648,352.1573276114291,88283100
2022-10-21,358.14739990234375,358.6353844531529,347.8610324838875,349.3728764279388,131038400
2022-10-24,362.52984619140625,363.6685254418361,357.01825783311693,359.6783882377217,85436900
2022-10-25,368.3190002441406,368.63475499876756,362.338553213012,362.45337312378547,78846300
2022-10-26,365.54400634765625,370.86420906296183,364.9029188543151,365.1612636230857,104087300
2022-10-27,363.592041015625,368.3955254058148,362.97005118304014,366.54877042964904,81971800
2022-10-28,372.24212646484375,372.7205621969107,363.3049504940016,363.486758408299,100302000
2022-10-31,369.5533142089844,371.6488650187867,368.64430385310885,369.773405154798,96631300
2022-11-01,367.9361572265625,373.5530165227909,366.75922416699274,373.3137986877374,85407600
2022-11-02,358.702392578125,371.86895295670394,358.59715073623875,367.3429405262177,126990400
2022-11-03,355.0088195800781,358.0612412705242,352.88456419051056,355.44897218832546,87100100
2022-11-04,360.1185607910156,362.5298662303547,354.04242150065716,360.74052136688584,103505200
2022-11-07,363.5633239746094,364.1565796093266,359.3339392603805,361.41991204096684,68286900
2022-11-08,365.52484130859375,368.5102751308282,361.4294332598936,364.67321182395386,84641100
2022-11-09,357.99432373046875,364.7020020044285,357.4967318827505,363.5441665136991,78495500
2022-11-10,377.6675720214844,378.0024828489434,369.0078976049732,371.31393196232233,141455800
2022-11-11,381.3228759765625,382.12664454328586,376.6341822019078,378.528798310085,93839900
2022-11-14,378.07904052734375,382.9208077010258,377.8015396320112,379.55263072845537,71903500
2022-11-15,381.3036804199219,384.9589362297327,377.4761947639268,383.8489618853264,93194500
2022-11-16,378.3947448730469,380.62424202149685,377.7632063482525,379.66737077812223,68508500
2022-11-17,377.23699951171875,377.9163992813692,373.3138498403958,373.6200265181567,74496300
2022-11-18,378.94970703125,380.6529366300422,376.088671435878,380.58594863649495,92922500
2022-11-21,377.5718688964844,378.74883118944996,375.7251141679959,377.6197299856339,51243200
2022-11-22,382.65289306640625,382.81557406409473,378.1077536070245,379.52393388792524,60429000
2022-11-23,385.0642395019531,385.5522241069887,382.08835397059227,382.31799378472664,68261600
2022-11-25,384.97802734375,385.5330290650388,384.22212002199467,384.49959168124366,30545400
2022-11-28,378.8349609375,383.5236249752819,378.0694462937125,381.87780499288607,67881600
2022-11-29,378.18426513671875,380.16496659083106,376.33748128228444,378.96887743191024,52310000
2022-11-30,390.09735107421875,390.09735107421875,376.5097938188314,378.43308560274,144566700
2022-12-01,389.81024169921875,392.31723987694085,387.29366546388246,391.1402776448078,76398200
2022-12-02,389.3605651855469,390.26957554211833,384.7962988819975,384.9015407248155,85342700
2022-12-05,382.35626220703125,387.4659522860306,380.9975210901338,386.5282369465547,77289800
2022-12-06,376.8446350097656,382.7389660938728,374.74911359581864,382.1935716115177,77972200
2022-12-07,376.2035217285156,378.5765730518742,375.0648425517108,375.9930088756258,65927900
2022-12-08,379.1507263183594,380.2224176484129,376.3088170014075,378.09819110581316,60737900
2022-12-09,376.3183898925781,380.4712083402084,376.19399193608393,377.9067999497378,81447700
2022-12-12,381.7438659667969,381.7438659667969,376.442790105869,377.112582581271,75405800
2022-12-13,384.63360595703125,392.78613994486886,381.85868467865026,392.52779517391076,123782500
2022-12-14,382.1744079589844,388.01132898247715,379.2176790178847,384.28908544733156,108111300
2022-12-15,372.8258056640625,378.2034182224786,371.16085878407677,377.29437871823495,117705900
2022-12-16,368.4241638183594,371.6059498118414,366.2805608411349,370.2601841754804,119858000
2022-12-19,365.30010986328125,368.95293641571635,363.627517257224,368.61648761890723,79878100
2022-12-20,365.7999572753906,367.4244982092744,363.2141509053859,364.54070190091164,74427200
2022-12-21,371.26959228515625,372.40387855803806,367.8667041310153,368.4050104752811,78167400
2022-12-22,365.9729309082031,371.25026808589166,360.25339056526093,368.21266617846675,100120900
2022-12-23,368.0780944824219,368.22227840834165,363.3871151892416,364.9443602601523,59857300
2022-12-27,366.6265869140625,368.30880122283816,364.94437260528684,367.9627597889249,51638200
2022-12-28,362.0701904296875,368.5395164418001,361.8394961456738,366.559282940557,70911500
2022-12-29,368.5876159667969,369.4623710215703,364.39648347005243,364.9251970537468,66970900
2022-12-30,367.61669921875,367.7608831535474,363.77163783487043,365.89605537101687,84022200
2023-01-03,366.069091796875,371.4617765380731,363.19488834099036,369.481572187265,74850700
2023-01-04,368.8952331542969,370.93311118520086,365.28086572711294,368.3376827734689,85934100
2023-01-05,364.6848449707031,367.04954946455626,364.08886516079207,366.9342023188302,76970500
2023-01-06,373.0478820800781,374.1725755616377,364.7137270754062,367.78975890711524,104189600
2023-01-09,372.83636474609375,378.4501802079773,372.6537513181587,375.2491501630905,73978100
2023-01-10,375.4509582519531,375.5182538581445,371.307907483687,372.249957963906,65358100
2023-01-11,380.1996765136719,380.2765941727516,376.22005305330094,377.0371345019458,68881100
2023-01-12,381.5838928222656,383.05462766402485,377.21976916675254,381.3051469866937,90157700
2023-01-13,383.06427001953125,383.6410351388549,378.1041369301359,378.3732900744213,63903900
2023-01-17,382.3624572753906,384.72719084603705,381.6799671808479,383.0449767054199,62677300
2023-01-18,376.32574462890625,384.6214688994839,376.12388712892096,383.55447849264397,99632300
2023-01-19,373.5862121582031,375.9316728273004,372.2596611662881,374.2782951082531,86958900
2023-01-20,380.5456848144531,380.6994907718625,373.33619557300165,374.98957294579395,91806400
2023-01-23,385.1117248535156,387.0534702139708,380.39190867323447,381.35317398077467,84178800
2023-01-24,384.6983947753906,385.61157923279035,382.23755789038205,383.4295175059516,59524900
2023-01-25,384.84259033203125,385.17903907302156,378.315590364586,380.6130286416279,84800300
2023-01-26,389.0721130371094,389.2355410385258,384.53493984754374,387.5148680133813,72287400
2023-01-27,389.96612548828125,392.35007414970727,387.8129004621486,388.02438001546454,68346200
2023-01-30,385.0732727050781,389.43742549092923,384.7752828014121,387.1976608576454,74202000
2023-01-31,390.7351379394531,390.78318947127025,385.2462918392246,385.5923626089722,86811800
2023-02-01,394.8877868652344,397.64664301137975,386.7651124067299,389.51431717670346,101459200
2023-02-02,400.63623046875,402.10696549767323,396.88730091811186,398.7905878170156,101654500
2023-02-03,396.3778381347656,400.81888008853787,395.1666342071931,395.6472669612463,94736800
2023-02-06,393.9553527832031,395.35882127051354,392.2923825560251,393.91692329199503,60295300
2023-02-07,399.10772705078125,400.3573601589839,391.7828904374817,393.03252354568434,90990700
2023-02-08,394.7435607910156,398.47327457670247,394.0514486520687,397.12750912194093,76227500
2023-02-09,391.32147216796875,398.5117468918236,390.09105380546026,398.35794092957406,78694900
2023-02-10,392.2347717285156,392.6192720505302,389.32213851940145,390.13919070287204,70769700
2023-02-13,396.83917236328125,396.9737635969899,392.42696780662374,392.8883857479932,64913500
2023-02-14,396.65655517578125,398.9731788953455,392.6865245158335,395.31076019339895,88389300
2023-02-15,397.94464111328125,398.02152943385084,393.6093249869712,394.4552431906893,61555700
2023-02-16,392.46539306640625,396.9160560713669,392.3308311796985,392.9556477537095,76431500
2023-02-17,391.48492431640625,391.72524064683955,388.3992415120903,390.33139419613065,89257800
2023-02-21,383.63134765625,388.50496954671286,383.3718165977976,387.4475718975758,82655900
2023-02-22,383.1026916503906,385.59236532715204,381.6415495785843,384.04471289617135,83742300
2023-02-23,385.14056396484375,386.6209207613312,380.901380412736,386.0056968797559,96242400
2023-02-24,381.0263977050781,381.86269393959924,378.3925398013232,380.103591101692,108194400
2023-02-27,382.3240966796875,385.74619914411034,381.38204603041686,384.3811893735747,80444700
2023-02-28,380.9110412597656,383.81405224104327,380.8052868100692,381.8434698821235,96438600
2023-03-01,379.4498596191406,381.32433871048954,378.142552876725,380.0939202853675,99706800
2023-03-02,382.4009704589844,383.2468886693395,377.1332257261761,377.46967446922514,85127800
2023-03-03,388.53387451171875,388.78381290959834,383.5737413980239,384.2273948465631,90120000
2023-03-06,388.802978515625,391.66755968109305,388.3608046899115,389.36049948409084,72795900
2023-03-07,382.8431701660156,388.9952923529964,382.2279755486132,388.7549759968016,108310600
2023-03-08,383.46795654296875,384.2273349889294,381.2281920235724,382.95848712046245,74746600
2023-03-09,376.39300537109375,385.9287692148654,375.40290337271455,384.25614779204574,111945300
2023-03-10,370.9619445800781,377.9311189281999,369.4335360708871,375.84516004328316,189253000
2023-03-13,370.4331970214844,375.2683898395796,365.9056454879313,367.0207168016272,157790000
2023-03-14,376.5564880371094,378.20986562096294,372.05774388118834,375.3741210898015,149752400
2023-03-15,374.2013854980469,374.4032430136639,368.84713029743835,370.9427111182641,172996900
2023-03-16,380.766845703125,381.11291652174896,371.3272412199818,371.83671073825275,143254200
2023-03-17,376.314697265625,380.57006082521184,374.9251895952515,379.4314454820452,140553400
2023-03-20,379.93310546875,380.34804947070256,376.39181416317825,377.096197140022,93055800
2023-03-21,384.92181396484375,385.40428095041835,381.7085673503459,383.31036127614743,91524200
2023-03-22,378.3602600097656,388.376279731483,378.3216838515816,384.7481478831017,111746600
2023-03-23,379.383056640625,385.2884471202859,376.6619361027595,381.2357131512333,119351300
2023-03-24,381.87261962890625,381.95946015274023,375.7452830138486,378.0997242626186,107682400
2023-03-27,382.5867004394531,384.9315126123636,381.6893188206897,384.15954768698845,74010400
2023-03-28,381.7279052734375,382.5866812409754,379.8848777563681,381.89192756672645,62871700
2023-03-29,387.2762451171875,387.5174786036879,384.6998585244868,385.9060259569887,77497900
2023-03-30,389.54388427734375,390.1710855147399,387.67190988130295,389.92019324080144,69840000
2023-03-31,395.0343933105469,395.3335205317909,390.36408625848367,390.4702443243022,112062600
2023-04-03,396.5396728515625,396.94492867550616,394.117678882102,394.5133053894906,67391100
2023-04-04,394.339599609375,397.47563517993467,392.95972157826725,397.18613730495184,66601500
2023-04-05,393.3070373535156,394.36847046236267,391.64734997807585,393.606164486812,65200200
2023-04-06,394.8414001464844,395.12123929027626,391.45447191725503,392.5062465882868,63743300
2023-04-10,395.2466125488281,395.32382376153726,391.73426800425153,392.3518104686767,63681000
2023-04-11,395.3528137207031,396.76160930806424,394.5808781941237,395.8738863972432,59297900
2023-04-12,393.7413330078125,397.7168860870642,393.15273736359126,397.42738819941474,86420400
2023-04-13,398.97125244140625,399.3282733011196,393.68340364910426,394.83167743693525,85814800
2023-04-14,397.9966735839844,400.5344547422886,395.6808378490979,398.3344063770291,78161500
2023-04-17,399.4247741699219,399.444062248447,396.67470643651706,397.90982075343015,66436400
2023-04-18,399.685302734375,401.14236249332856,398.30545418576855,401.0072575989454,63560000
2023-04-19,399.6177673339844,400.52477817155267,397.7071874777372,397.7650811599767,55227300
2023-04-20,397.4370422363281,399.19322927918245,395.8834830992031,396.79052346430586,75840400
2023-04-21,397.7458190917969,398.2089685800001,395.7870041880718,397.73616032830944,73457400
2023-04-24,398.16070556640625,398.58527886560444,396.2018908008796,397.54313369577346,64332100
2023-04-25,391.84039306640625,396.7422743683408,391.7824993811231,396.182596147338,97766700
2023-04-26,390.1807861328125,393.53876781147886,389.62113724342913,392.45804619925207,80447000
2023-04-27,397.9484558105469,398.2186361671352,392.47726678031995,392.7281590569557,92968400
2023-04-28,401.34503173828125,401.354690502432,397.00282830350733,397.0607219935082,89433100
2023-05-01,400.9397277832031,402.9757243479049,400.7081236035476,400.90112217868585,62122300
2023-05-02,396.4334716796875,400.2739195102237,393.5193816694739,400.2256551428924,103998500
2023-05-03,393.71234130859375,399.35721082896305,393.47110782009463,396.93521718124856,91531800
2023-05-04,390.9237060546875,392.9886494487858,389.5824336944863,392.66057543093643,94901900
2023-05-05,398.16070556640625,399.2124800515957,394.31062848009987,394.57115004883383,87891800
2023-05-08,398.266845703125,398.74931269823855,396.8580503226791,398.4887911219587,50046800
2023-05-09,396.5202941894531,397.63962108590425,396.2887194686173,396.71329275511414,49220100
2023-05-10,398.373046875,400.00378785079255,394.5325985771212,399.36692781461454,96142900
2023-05-11,397.67828369140625,397.96775213394324,395.59402256278725,397.50460262588405,70157100
2023-05-12,397.1572265625,399.13535915528234,394.72560320784424,398.92307247331183,70481500
2023-05-15,398.5273742675781,398.93263003006393,395.84485910381983,397.76506821297346,54289400
2023-05-16,395.86419677734375,398.34408437055214,395.8545380135922,397.417726473918,57705500
2023-05-17,400.6695251464844,401.27740878469575,396.2404819548368,397.89051072487496,87287000
2023-05-18,404.5293273925781,404.95390074612783,400.1292303171092,400.3511463104752,97177200
2023-05-19,403.9407043457031,405.9670718257059,402.715248651571,405.43636985479037,103793300
2023-05-22,404.1047668457031,405.6486673214078,402.7152593623141,403.960032617736,60745400
2023-05-23,399.56951904296875,404.0371682026997,399.1738925667831,402.45466229795704,86383500
2023-05-24,396.6746826171875,398.3440289039843,395.5071208163936,397.9580612245218,89213700
2023-05-25,400.1098937988281,401.56695362242056,397.9484509723996,400.19673432873464,90961600
2023-05-26,405.29156494140625,406.0152654358038,400.6888403981192,400.76602216064424,93830000
2023-05-30,405.4459533691406,407.76178903576425,404.0564460796768,407.23108712480087,72216000
2023-05-31,403.1976623535156,404.5196171713142,401.6248152821385,403.61257689024336,110811800
2023-06-01,407.0284729003906,408.0899062054044,402.17485598730195,403.4292584266687,88865000
2023-06-02,412.91461181640625,413.70583539601955,409.08382227275683,409.6145242472178,91426200
2023-06-05,412.12335205078125,414.5549753347994,411.41893957028475,413.2619671994321,65460200
2023-06-06,413.0207214355469,413.55142338559835,411.0522477225799,411.70842525853584,64022200
2023-06-07,411.5925598144531,414.5549140739441,411.16798652558714,413.416299093552,85373300
2023-06-08,414.0821838378906,414.5357040524195,410.88825425486164,411.66018977227344,61952800
2023-06-09,414.8251953125,416.8419042014902,413.83131429165877,414.88308900711564,85742800
2023-06-12,418.5883483886719,418.6655595975771,415.08566278011017,415.8093632644941,76104300
2023-06-13,421.3480529785156,421.9945422203873,419.38923828050775,420.0550450473256,95899700
2023-06-14,421.849853515625,423.6639342094121,418.38574387055274,421.6858312205728,100612100
2023-06-15,427.0798034667969,428.33420591477267,420.9331784663069,421.0296483104209,110303100
2023-06-16,425.6250915527344,429.64443703691825,425.15052699072436,429.0730147226843,114165800
2023-06-20,423.4168395996094,424.56937878552253,421.3345310858184,423.6783584670495,76160400
2023-06-21,421.24737548828125,423.2328262923549,420.65656392245774,422.4289690630937,76982300
2023-06-22,422.7679443359375,422.874467164617,419.9495524578209,420.2885397836048,70637200
2023-06-23,419.5718078613281,421.3635726421897,418.85511377171673,419.3006239174076,92074500
2023-06-26,417.8575439453125,420.92773045025166,417.61541436670325,419.0003884627084,72823600
2023-06-27,422.4386901855469,423.05852660175333,418.2837379082009,418.7389427456429,72813700
2023-06-28,422.6517639160156,423.6686964256791,420.73408682017543,421.35392323417744,75636000
2023-06-29,424.3175964355469,424.48225757414235,421.8285265262779,422.23528771625286,67882300
2023-06-30,429.3248596191406,430.3127378029379,427.2231615664442,427.5427892084747,104964000
2023-07-03,429.8188171386719,430.0996662121284,428.69533217433224,428.97621080462665,32793400
2023-07-05,429.1795654296875,429.91564887549146,427.98827715137367,427.9979717936088,58418400
2023-07-06,425.81878662109375,426.2449370649579,423.3006329683059,425.5863516723805,80658300
2023-07-07,424.74371337890625,428.7049794666193,424.5015837898049,424.82121139924607,86134200
2023-07-10,425.81878662109375,425.9931128326287,423.8139465179375,424.3853688047475,62443500
2023-07-11,428.5306091308594,429.0245629340207,425.6056944344112,426.5839073993123,64463800
2023-07-12,431.9784851074219,433.3925429871289,430.90344407233346,432.33686167594846,91924500
2023-07-13,435.40716552734375,436.2013577746271,433.3636057217178,433.7994213036379,72425200
2023-07-14,435.1359558105469,437.15046112494997,434.3708179806255,436.29818974063414,69815800
2023-07-17,436.6468200683594,437.7025015489115,434.9422182723966,434.9906619251845,52680200
2023-07-18,439.8913879394531,440.5402787355079,435.88170745330945,436.31755256939874,80668200
2023-07-19,440.8695983886719,442.0608571337114,439.8138872965887,440.6855775235812,65891700
2023-07-20,437.9446105957031,440.7726971193373,437.2279164909502,439.87198216766114,70591600
2023-07-21,437.9446105957031,439.87198216766114,437.9349455110671,439.66857203779847,71275600
2023-07-24,439.90106201171875,440.7146139077843,438.0608534359134,439.09717520084894,54023400
2023-07-25,441.1019592285156,442.3610211452945,439.58137846485045,439.6298221120076,55191200
2023-07-26,441.1697692871094,442.6031574189834,439.10682063047216,440.1625020043204,71052900
2023-07-27,438.244873046875,444.9760876219577,437.33446340359325,444.5692968966643,92194400
2023-07-28,442.5354309082031,443.3683425271831,438.2448720243851,441.5281635177411,80011800
2023-07-31,443.3780212402344,443.7363682986347,441.69277922202156,443.0099795402013,62040400
2023-08-01,442.1092529296875,442.8550013949116,441.1503996951611,441.9058428017626,55291500
2023-08-02,435.9591979980469,439.24246004875226,435.2037548181366,438.9809707176882,93933400
2023-08-03,434.7098083496094,436.5984311098676,433.28608507597204,433.9350054287447,64276100
2023-08-04,432.7436218261719,438.6418942161519,432.22061371349884,436.5305315984245,100128900
2023-08-07,436.5209045410156,436.6758710264232,433.8865334027571,434.58386780867363,58357500
2023-08-08,434.6226806640625,436.5113035782632,431.2522256142167,433.97376025839606,71361300
2023-08-09,431.717041015625,435.0584410413958,430.9519032671321,434.89377992203646,78789600
2023-08-10,431.8720703125,437.4798004752825,430.70017125108984,434.0802912203921,93005500
2023-08-11,431.62017822265625,432.63714018056567,429.3925979360924,429.99307455820093,68690900
2023-08-14,434.00274658203125,434.00274658203125,430.3901920283433,430.7001249960908,47867400
2023-08-15,428.9471130371094,432.57905690734094,428.3756611915116,432.22068028440344,75707500
2023-08-16,425.7994079589844,430.19645984639186,425.6928555743393,428.5306071554129,80107200
2023-08-17,422.55487060546875,427.53303945369214,422.0318624311896,427.27155014496947,95711300
2023-08-18,422.75823974609375,423.79456142513646,419.3781203229198,419.7267727251213,98852000
2023-08-21,425.5088806152344,426.25462916083586,421.6154471933943,423.77522436133023,68719000
2023-08-22,424.3562927246094,427.29090202930854,423.79456510834734,427.29090202930854,64994200
2023-08-23,429.08270263671875,429.7025685957629,425.27643244437724,425.42170429201707,68441000
2023-08-24,423.1360168457031,431.203762091387,423.10693291921746,430.6904485230162,88517300
2023-08-25,426.11907958984375,427.407196171584,421.30554153077037,424.8696824666308,102325100
2023-08-28,428.8211975097656,429.4410338891343,426.1190230158921,428.31754904739176,61595400
2023-08-29,435.0196838378906,435.300562421232,428.5305993952666,428.71462023709375,83081900
2023-08-30,436.8114318847656,437.45065748608874,434.65162551469643,435.35865448816713,69053900
2023-08-31,436.1722412109375,438.5741477826128,435.9882203614193,437.43130323274573,66084600
2023-09-01,436.9858093261719,439.38774554402755,435.523337117232,438.9034863550366,58944100
2023-09-05,435.0971984863281,436.8599090757818,435.02942466122306,436.540311007373,55166200
2023-09-06,432.1722412109375,434.39015641541886,429.83810853841925,434.2836040318296,70758500
2023-09-07,430.8453674316406,431.52331250087747,428.81147311026496,429.1601255075583,70355400
2023-09-08,431.4942932128906,433.0342338731247,430.53546948555345,430.89381655306994,61659700
2023-09-11,434.3320617675781,434.64196517344953,432.41438481227607,434.12865163508343,60180100
2023-09-12,431.9494934082031,434.4095383156122,431.36840603835697,432.87929231362625,67565400
2023-09-13,432.4531555175781,433.6153598507793,431.06815175751416,432.17227690873267,60199300
2023-09-14,436.18194580078125,436.87928025242013,433.6250725159966,434.9325783074241,83430800
2023-09-15,430.9266662597656,434.9213331435618,430.48931345860746,434.5908789178783,111848900
2023-09-18,431.1794128417969,432.4818018322225,430.13943555280594,430.61567408318183,55752200
2023-09-19,430.28515625,430.84889492531386,427.59290809982576,430.2559993985934,66514600
2023-09-20,426.32940673828125,431.96661554798703,426.1252791165085,431.54869078908297,82562600
2023-09-21,419.28289794921875,423.7343455427682,419.12738484772433,423.47193386836017,104095800
2023-09-22,418.3401184082031,421.9168307442946,417.922163972963,420.31314452968047,100829700
2023-09-25,420.0993347167969,420.13819074776075,416.68783452035365,417.12521698798207,70874500
2023-09-26,413.92755126953125,417.7569763279254,413.09167201085535,417.04745332495224,96168400
2023-09-27,414.0927429199219,415.667301957409,410.4382888305996,415.1035632540751,104705800
2023-09-28,416.4934387207031,418.1748963964089,412.94588306815257,413.53877864718345,92258300
2023-09-29,415.482666015625,419.73001600884464,413.9567213820376,419.5550748773884,115111300
2023-10-02,415.3174133300781,416.5712173953041,412.54739350922256,414.6467760157312,83798600
2023-10-03,409.7579345703125,415.37571578475433,408.3875031242602,413.13054906663035,103760600
2023-10-04,412.7418212890625,413.49020038088855,408.7568828162418,410.22451380445284,87453000
2023-10-05,412.5862731933594,413.4318516223271,409.34974374781166,412.45018810032917,70142700
2023-10-06,417.48486328125,419.0302359835289,408.79576419213873,410.1273100617133,113273300
2023-10-09,420.1576232910156,420.7310611548999,415.02580970699125,415.57978989546524,80374400
2023-10-10,422.3445129394531,424.94929081738496,420.39091470045764,420.7894114868797,78607300
2023-10-11,424.0745544433594,424.3272372952325,421.0226652550823,423.41364596754795,62451700
2023-10-12,421.48919677734375,425.06590928014145,419.12740262422676,424.68687017880916,81154200
2023-10-13,419.3898010253906,424.20088940216954,417.8152716398533,422.9956702679193,95143100
2023-10-16,423.80242919921875,424.8715633375277,421.4017492227363,421.64473290593867,75433200
2023-10-17,423.7829895019531,425.84351613825277,420.3132049010381,420.66308718236917,75324700
2023-10-18,418.1360168457031,422.9665334664685,417.04745473303933,422.0043276099341,93559800
2023-10-19,414.4620666503906,420.67274301604505,413.7817302232839,418.8552300497727,121323000
2023-10-20,409.369140625,414.56899671901874,409.262212394168,414.0247157104838,123919900
2023-10-23,408.65960693359375,412.5376460937697,406.0742573805063,407.83345660487464,92035100
2023-10-24,411.7406921386719,412.89729677768196,408.931786683621,410.7881854768129,78564200
2023-10-25,405.831298828125,410.0786781386675,405.31617465313394,410.0495212857847,94223200
2023-10-26,400.97161865234375,405.61746498467414,400.04829855300767,404.76218742791497,115156800
2023-10-27,399.1540832519531,402.9640798283335,397.72533824344663,402.56558309414174,107367700
2023-10-30,403.9263000488281,404.98570521187486,400.6508851667013,401.9532739816695,86562700
2023-10-31,406.4630432128906,406.78376856551466,402.58500416463113,404.4997164265325,79665200
2023-11-01,410.7979431152344,411.6143647421685,406.9004752940121,407.4350572007236,98068100
2023-11-02,418.6705627441406,418.8260758413125,414.5884255113766,414.6078535256142,94938900
2023-11-03,422.490234375,424.0453355962821,420.8573914401437,420.98374767815443,100167800
2023-11-06,423.4621887207031,423.9092703320981,421.5085906809684,423.24836192202025,67831700
2023-11-07,424.66741943359375,425.30889989202655,422.31535408043305,423.46222990258883,64256100
2023-11-08,424.9783935546875,425.79481503957845,422.66518451695174,425.2699620631881,61746000
2023-11-09,421.66412353515625,426.1641856948334,421.2364699177512,426.12530000386255,83174400
2023-11-10,428.2441101074219,428.5551363127825,421.6543943944366,423.74407761206675,89462200
2023-11-13,427.8359069824219,428.9438970364139,426.11559336599885,426.90285804309843,52236100
2023-11-14,436.1363220214844,437.42898227991213,433.5703998619178,433.7939555482896,97176900
2023-11-15,437.0595703125,438.71187109713105,436.20426306686005,437.47749509718125,77327600
2023-11-16,437.59417724609375,437.9149026510406,435.54337957445466,436.612513692767,66665800
2023-11-17,438.138427734375,438.7507513076313,436.68052576418063,437.6038458819822,83133200
2023-11-20,441.5110778808594,442.3566563462381,437.87602183807985,437.8857506768845,69936200
2023-11-21,440.5487976074219,441.3846768102291,439.27556561921335,440.4613270503416,49244600
2023-11-22,442.24969482421875,443.57154137515226,441.15143358240533,442.2108387941116,59394900
2023-11-24,442.5218505859375,442.71624938753706,441.9678703574549,442.2983245913,29737400
2023-11-27,441.72491455078125,442.7065484758319,441.33611692305607,441.8901268475793,50506000
2023-11-28,442.1622314453125,443.4646203412509,440.7723719885752,441.3360810451993,62115000
2023-11-29,441.8512268066406,445.45712595738206,441.4527596750205,444.3199492892873,63146000
2023-11-30,443.59100341796875,443.9409153434161,440.61688552658904,442.69684007944744,79752700
2023-12-01,446.2152099609375,446.7497621614447,442.385785013724,442.97865092115586,89183400
2023-12-04,443.8728332519531,446.2346273092226,441.5887809150275,442.81342805335595,72430900
2023-12-05,443.785400390625,444.7476062747075,442.1039426420814,442.48301142132226,69793500
2023-12-06,441.9970397949219,445.96252037504996,441.5596573094173,445.93336352008924,69124700
2023-12-07,445.36962890625,446.02080851674197,443.484073297296,444.0866680393364,66995400
2023-12-08,447.2843322753906,447.81888446185815,444.3782275382068,444.6212111977086,83194400
2023-12-11,449.02410888671875,449.1990796776143,446.5748440862102,446.78867090966605,65002200
2023-12-12,451.0749206542969,451.17212006092257,447.67314905005793,448.6742406500045,68327600
2023-12-13,457.2952575683594,457.54797007152996,451.0943096912645,451.45392076971996,93278000
2023-12-14,458.76287841796875,460.4346071833905,456.0803293229431,459.2391168995005,119026000
2023-12-15,458.007568359375,459.344542615275,456.1534111366882,458.16371199031266,141553700
2023-12-18,460.5838317871094,461.5694752957874,458.5540244200266,459.61772484302196,70375300
2023-12-19,463.38458251953125,463.46266921411814,461.052256247002,461.1303131602408,55761800
2023-12-20,456.96337890625,464.41905073476056,456.5339913904281,462.5258502644597,102921000
2023-12-21,461.2962341308594,461.5694780045962,457.5293402486141,459.95926004653603,86667500
2023-12-22,462.22332763671875,463.9116026187795,460.3203886798005,462.4282531099421,67160400
2023-12-26,464.175048828125,465.0826056476979,462.5550923668575,462.6331790630877,55387000
2023-12-27,465.01434326171875,465.16071859872636,463.4334300593357,463.9701495554804,68000300
2023-12-28,465.19000244140625,466.0292409103148,464.770383206952,465.37542113223043,77158100
2023-12-29,463.84326171875,465.5217683364712,461.8817429403466,464.9947873638026,122283100
2024-01-02,461.2474670410156,462.2428789339532,459.1395727623468,460.76929766113875,123623700
2024-01-03,457.4805603027344,459.8226549132717,456.87552242132506,459.0809802037512,103585900
2024-01-04,456.0069885253906,459.59820232067887,455.78252649517907,457.0023705654277,84232200
2024-01-05,456.6315612792969,459.09075619444957,455.1774869016725,456.21191228687286,86118900
2024-01-08,463.1504211425781,463.29679648061466,457.00238891288757,457.1292574663028,74879100
2024-01-09,462.44775390625,463.47241097446175,459.97879079150385,460.4862351844952,65931400
2024-01-10,465.0631408691406,465.9316842003945,462.4380338715852,462.7210460536215,67310600
2024-01-11,464.8581848144531,466.5854732987493,460.866858585486,466.0682606035861,77940700
2024-01-12,465.1802062988281,467.053899879707,463.76520505733885,466.31222516082903,58026400
2024-01-16,463.4724426269531,465.1119059605971,461.64756060638337,463.79449814902443,85014900
2024-01-17,460.8961486816406,461.3840863262476,458.53451737794865,460.437486104456,68843900
2024-01-18,464.9947814941406,465.55103752597205,461.02299191896157,462.5746299698475,91856200
2024-01-19,470.79150390625,471.07451607606174,465.04361399672933,466.12682126184484,110834500
2024-01-22,471.7869567871094,473.5142454606471,471.13310718922804,472.3334446086135,75844900
2024-01-23,473.16290283203125,473.4068716669151,471.2404570032446,472.3334326185078,49945300
2024-01-24,473.68011474609375,476.978548164265,473.1824088250565,476.0417162376214,81765000
2024-01-25,476.2564697265625,476.52971364699613,473.6801741598102,475.8173138845228,72525000
2024-01-26,475.6513366699219,477.3200749296846,474.8023300076101,475.82698705908683,76641600
2024-01-29,479.4182434082031,479.564648526909,475.4171785408518,475.9636663212125,61322800
2024-01-30,479.04742431640625,479.7597942015554,478.2862130177268,478.72536880060346,58618400
2024-01-31,471.23065185546875,477.28106061845324,471.21111529014115,476.8321663361625,126011100
2024-02-01,477.39825439453125,477.427529465081,472.1285034447494,472.9384966988815,91891600
2024-02-02,482.4239807128906,484.08295092354996,477.49579237271115,477.8373546982843,99228200
2024-02-05,480.6673278808594,482.4531962116921,478.40332000342494,481.78960820936385,75757100
2024-02-06,482.0628662109375,482.3946602218278,480.1794043465866,481.6139421538367,55918600
2024-02-07,486.0835266113281,486.50314587191764,483.40960785248996,484.3171945782859,70556500
2024-02-08,486.29815673828125,486.6787325955751,485.263731366402,486.08346299422993,52343600
2024-02-09,489.10870361328125,489.5478296216965,486.46406015452993,486.805622459753,63979400
2024-02-12,488.8940124511719,491.3532074553824,488.171844486811,489.0794311383801,56502300
2024-02-13,482.16046142578125,485.097855647228,478.8815346699486,482.59961722906473,113099200
2024-02-14,486.5421142578125,487.03005186648363,482.4727014977024,484.80505756219736,68387800
2024-02-15,489.8991394042969,490.08455808264773,486.76655843722136,487.24475755676514,61683000
2024-02-16,487.45947265625,490.73839931554534,486.71779791035453,489.5966419107854,75532900
2024-02-20,484.77581787109375,486.3860061409344,482.5215483370468,485.7126498093255,71736700
2024-02-21,485.21490478515625,485.3710483925051,481.6529662252207,483.4681096019714,59293400
2024-02-22,495.2567443847656,496.2228514595425,490.88481205787525,491.8509489140047,76402500
2024-02-23,495.5982971191406,497.8232917019366,494.8663906145189,496.9840234236674,61321800
2024-02-26,493.78314208984375,496.47656749463823,493.65627353362504,496.0374116894735,50386700
2024-02-27,494.7004699707031,494.9249320161117,492.5730689156793,494.47603770664597,48854500
2024-02-28,494.046630859375,494.63213220475586,492.7779751212326,493.13904421133424,56506600
2024-02-29,495.8227233886719,497.4426800063986,493.1586028041446,495.81298488671405,83924800
2024-03-01,500.47760009765625,500.90698759184596,496.29111670133034,496.70099741172936,76844800
2024-03-04,499.9408874511719,501.7950742838469,499.6481367835651,499.6774416316755,49799300
2024-03-05,494.9444274902344,498.3795276061861,492.7292012805933,497.9306035256283,72855600
2024-03-06,497.4524230957031,499.7164608888025,496.1545220794044,498.23311140577533,68382400
2024-03-07,502.390380859375,503.4443429029918,497.5110041646538,500.7606857208952,58652100
2024-03-08,499.3748779296875,505.71803719469176,498.7991151130881,503.02467157075245,86532500
2024-03-11,498.9455261230469,499.53105726392937,496.2325939589306,498.1648377894375,62557200
2024-03-12,504.3128662109375,504.89836756595776,498.5356415487977,501.0631847838215,73114400
2024-03-13,503.5223388671875,504.8105013823562,502.07806251504394,504.63485097974683,55104100
2024-03-14,502.5269775390625,504.654378460411,499.4724832072711,504.4982050635474,110171800
2024-03-15,499.0763244628906,500.906906313764,497.4024012478183,499.44831403821377,107646300
2024-03-18,502.0424499511719,504.6071826366265,501.63132556015915,503.15841876026013,88893300
2024-03-19,504.8323669433594,505.11622858588777,500.3391555977347,501.3474589189953,60755300
2024-03-20,509.501708984375,509.6387703610633,504.21564482581135,504.89109332775615,69594600
2024-03-21,511.1854553222656,513.0551421639301,510.90153393819924,512.3503575161087,60256100
2024-03-22,510.21630859375,511.5867430006875,509.9813206475284,511.0972893379752,79070800
2024-03-25,508.8067626953125,509.9618663581014,508.6501040389305,508.83609885102703,48512100
2024-03-26,507.8669738769531,510.5785666441243,507.4656481097865,510.23591318652416,65463700
2024-03-27,512.1349487304688,512.174143263585,508.53257680183424,510.7057822180554,82999800
2024-03-28,512.0371704101562,513.5446665016425,511.75330873481045,512.1742318042299,96294900
2024-04-01,511.1461486816406,513.3193536979879,509.9812467432874,512.7809666965774,62477500
2024-04-02,507.8963317871094,508.0333334121318,505.5860649599207,507.3089515099197,74230300
2024-04-03,508.4542541503906,509.9618097488042,506.7509648748843,506.79989829415746,59155800
2024-04-04,502.2480163574219,512.8202041062084,501.944557459695,512.4776104224978,96858100
2024-04-05,507.4949035644531,509.4625167939743,503.1681500346875,503.60867026854095,74546500
2024-04-08,507.7787780761719,509.20800427742034,506.9663280162004,508.19976080323164,48401800
2024-04-09,508.36614990234375,509.76598018179146,503.50094951713095,509.52125335501194,68049200
2024-04-10,503.2758483886719,505.2727978988181,501.288697511792,502.6493333372583,82652800
2024-04-11,507.0740661621094,508.5228300890004,501.2789507067751,504.8029936767474,70099000
2024-04-12,500.0748291015625,504.93999985889445,498.3421439610696,503.52057224224995,92561100
2024-04-15,493.80987548828125,504.4309974299807,492.95820091205206,504.264599892726,92101400
2024-04-16,492.90924072265625,495.81659688850766,491.6170757880816,494.2895037381496,73484000
2024-04-17,489.9920349121094,495.5424524232245,488.5922046489923,495.3760250384487,75910300
2024-04-18,488.98382568359375,493.49660444266914,488.04408292123793,491.3919594558385,74548100
2024-04-19,484.71575927734375,489.9039562000147,483.4431618183188,488.90548147354247,102212600
2024-04-22,489.1795959472656,491.78349315664354,484.98007493251976,487.3294466640699,67961000
2024-04-23,494.9844970703125,495.4152186955436,488.99358884976584,491.19613039401867,64633600
2024-04-24,494.7496032714844,496.6682534521082,492.5176955463837,495.87534083094636,55928100
2024-04-25,492.8700866699219,493.6336332615344,486.9966421578613,488.6509980853357,69122400
2024-04-26,497.53948974609375,499.1253149704082,495.03348916650594,495.6697730082035,64306100
2024-04-29,499.3014831542969,499.976931619229,496.55075587636594,499.33084917999474,46415400
2024-04-30,491.3919372558594,498.8120420500729,491.3919372558594,497.83313467029427,77483600
2024-05-01,489.7962951660156,497.4709251521688,489.3264088866621,490.80456853459987,80242800
2024-05-02,494.3775939941406,495.2194698771777,489.0131707855575,493.516150718059,62550200
2024-05-03,500.505615234375,501.7390183484334,497.8331870517916,500.37835248179215,72756700
2024-05-06,505.67425537109375,505.7133901619674,502.4732087209425,502.913729046304,47264700
2024-05-07,506.2321472167969,507.63197751857143,505.5566987742017,506.6432715629709,52561300
2024-05-08,506.2811279296875,506.81951505793313,504.2743796801718,504.39184379005206,42047200
2024-05-09,509.1982421875,509.23743672181314,505.8112608442941,506.4671120686162,43643700
2024-05-10,509.854248046875,511.6162697336842,508.63061357717737,510.80375971642746,52233200
2024-05-13,509.922607421875,511.64549393786507,508.77730253822216,511.5378284675566,36716400
2024-05-14,512.2622680664062,512.7811177054134,509.580071153197,510.1184583131571,57535900
2024-05-15,518.6055908203125,518.8992510906287,514.1025809336553,514.7388946424787,59504900
2024-05-16,517.5385131835938,520.3088376274046,517.3916531865508,518.7034152838155,50244800
2024-05-17,518.2824096679688,518.3509403391444,516.1973326298802,517.6558947438643,59187600
2024-05-20,518.8796997070312,520.3480609362231,518.0084577049123,518.400044598472,37764200
2024-05-21,520.1522827148438,520.3089413759618,517.9106060151925,518.1161981024949,33437000
2024-05-22,518.6544799804688,520.1717743707599,516.471476037249,519.457191149343,48390000
2024-05-23,514.8661499023438,521.8261670726438,513.6522545564001,521.7185015997201,57211200
2024-05-24,518.2727661132812,519.0852760314796,515.7667654147743,516.7162769685657,41291100
2024-05-28,518.6348876953125,519.3201347726647,515.9918259671035,519.0852065742038,36269600
2024-05-29,515.0031127929688,516.187612149335,514.2885295747019,514.5919884514224,45190300
2024-05-30,511.5867614746094,514.1221578280299,510.33379112165585,513.4565079924353,46377600
2024-05-31,516.246337890625,516.3736006194137,507.42637356021385,512.546099366396,90785800
2024-06-03,516.6673583984375,518.1455182597585,511.5770275291986,517.8616565984354,46835700
2024-06-04,517.244873046875,517.9888521983294,513.8872279798754,515.3555890163468,34632700
2024-06-05,523.3923950195312,523.411992286524,517.577682760377,519.5746920651516,47610400
2024-06-06,523.382568359375,524.1265474920779,521.4443509593684,523.6958258756584,30808500
2024-06-07,522.746337890625,525.5655959158784,521.3073129777647,522.4036844600561,43224500
2024-06-10,524.3614501953125,524.684506328859,521.3366601422468,521.9337792468638,35686100
2024-06-11,525.624267578125,525.6829996240797,520.8275980833798,522.8050098767842,36383400
2024-06-12,529.9412841796875,532.6430781044711,528.9036447482033,530.2056082912144,63251300
2024-06-13,531.0083618164062,531.8698051580913,528.2087008298147,531.6936089856242,44760900
2024-06-14,531.3314208984375,531.3607570534568,528.4631694567662,529.4714728215465,40089900
2024-06-17,535.5602416992188,536.9601319299801,530.1860493613389,530.646166931424,55839500
2024-06-18,536.9208984375,537.0481611765176,535.1980118918142,535.618934894809,41376400
2024-06-20,535.4623413085938,538.5165275797466,533.6807226924603,537.8508777255481,70328200
2024-06-21,534.7444458007812,535.8640147535098,533.2811779308804,534.6364329914431,64338600
2024-06-24,533.0061645507812,537.1406814551851,532.8883214982557,534.5676749075179,45528700
2024-06-25,535.0587768554688,535.4221363045356,532.7116258646143,534.2338154405055,37936200
2024-06-26,535.7265625,536.4434511367156,533.291059231854,533.9391960904497,38550600
2024-06-27,536.5711059570312,537.1505509580609,534.8426611396433,535.589040487199,35041500
2024-06-28,534.4595947265625,540.4109684989184,533.2124124479245,537.3468693543182,76144500
2024-07-01,535.5595703125,536.08986404863,532.7901386983468,535.8443476992247,40297800
2024-07-02,539.1637573242188,539.1637573242188,533.8999009464727,533.9489922304165,40434800
2024-07-03,541.56982421875,541.9331836330194,538.8102227549504,538.8494837936086,32789900
2024-07-05,544.6928100585938,545.0954305299725,541.2359204016998,541.874286937383,41488400
2024-07-08,545.3212890625,546.273863702814,544.2508114321598,545.4783931483458,36110500
2024-07-09,545.8516235351562,547.1872181563506,545.5570158893808,546.283734729133,27289700
2024-07-10,551.2529907226562,551.596689657151,546.7846048716298,547.079212521271,38701200
2024-07-11,546.4998168945312,552.2449363138517,545.861510252734,551.3708835905267,53054200
2024-07-12,549.94677734375,553.5607707150377,547.1577452576701,547.6291174546383,53084400
2024-07-15,551.459228515625,554.7098626844446,549.5932802263559,551.9502612295888,40584300
2024-07-16,554.7294311523438,555.024038775581,552.0189211375351,552.7751306542716,36475300
2024-07-17,546.9515380859375,550.4575189607175,546.6274397017427,548.7781654504558,57119000
2024-07-18,542.7482299804688,549.4852440848026,540.5582433501387,548.4933484542273,56270400
2024-07-19,539.1441040039062,544.1428435386215,538.0834565302354,542.5125813182824,65509100
2024-07-22,544.70263671875,545.3115125146927,541.1377342686712,543.0822047176163,43346700
2024-07-23,543.8482055664062,546.7550807862475,543.3571728667828,544.5945249198012,34439600
2024-07-24,531.523193359375,539.3207943889454,530.6000495620024,539.0163565377113,74515300
2024-07-25,528.7538452148438,537.6415857024604,527.8111007222136,531.6411201045629,61158300
2024-07-26,534.6757202148438,537.3764002236553,531.7786151263786,532.5544851999327,53763800
2024-07-29,534.9899291992188,537.2388372702122,532.9864775250034,536.227341129643,39515800
2024-07-30,532.2794189453125,537.5236742807023,528.861850713122,536.4630269208627,46853600
2024-07-31,540.9314575195312,543.5732159258974,537.7594053591405,539.1342609978949,65663400
2024-08-01,533.2713623046875,544.9186439967344,529.7555512584067,542.659905480717,76428700
2024-08-02,523.3426513671875,527.3592651002363,519.1197223906057,526.1415136511895,82789100
2024-08-05,508.10107421875,514.1898925589088,501.1185726401647,502.46402760588046,146267400
2024-08-06,512.7855224609375,520.249196250666,508.58225336867037,509.9080178114113,84826300
2024-08-07,509.3580627441406,522.0562223292172,508.7590171785257,518.9921228426584,70698300
2024-08-08,521.133056640625,521.7615329757872,512.4810623968182,514.513885136989,63276600
2024-08-09,523.4310913085938,524.9238500782335,519.0805482528909,520.3081301514704,45619600
2024-08-12,523.7060546875,526.1218973002085,521.4276556811567,524.6291985957554,42542100
2024-08-13,532.3186645507812,532.5544105776438,526.6620186567962,526.9075349868316,52333100
2024-08-14,533.998046875,535.1863675555963,530.4331447737245,533.1141640625877,42446900
2024-08-15,543.1509399414062,543.4357173403401,539.036083351339,539.644959128727,60846800
2024-08-16,544.3687744140625,545.0660625610639,541.3734863547654,541.5305904752237,44430700
2024-08-19,549.5735473632812,549.5735473632812,543.9266718963368,544.7810639108773,39121800
2024-08-20,548.679931640625,550.7815659083177,547.3345068852593,549.1218730431605,33732300
2024-08-21,550.5656127929688,552.0288809489194,544.7812320136162,549.7308810077906,41514600
2024-08-22,546.2444458007812,553.079643286425,545.0266941664444,552.4707674692565,56121500
2024-08-23,552.0484008789062,552.9912051950074,547.2951782034337,549.4950549410031,50639400
2024-08-26,550.7324829101562,553.7965224345438,549.023698553154,553.0796338099561,35788600
2024-08-27,551.48876953125,551.9798023433527,548.3068864993086,549.455886496281,32693900
2024-08-28,548.287109375,551.5770644805714,545.085566530633,551.1449533002178,41066000
2024-08-29,548.336181640625,553.5706069059922,547.187181927915,550.2610513664456,38715200
2024-08-30,553.570556640625,554.0812497734636,547.1478712090765,550.7127730145278,62700100
2024-09-03,542.1787109375,550.7521231432277,539.6547955357257,550.4181945160806,60600100
2024-09-04,541.0689697265625,544.486538299349,539.6057018017893,540.3324206417021,47224900
2024-09-05,539.7529296875,543.8677859554409,537.2879360362771,541.0100021233877,44264300
2024-09-06,530.6688232421875,541.70722829183,529.7653398948447,540.0770261689825,68493800
2024-09-09,536.6104125976562,537.8871457693488,532.947327264864,534.882027573912,40445800
2024-09-10,538.9475708007812,539.3011598480798,533.6346241343293,538.5252899331396,36394600
2024-09-11,544.4766845703125,545.3998284478084,530.2760571886295,538.8592992301786,75248600
2024-09-12,549.0629272460938,549.3673650982907,542.826776487141,545.0560839490253,51819600
2024-09-13,551.9305419921875,552.9322678030146,549.4164571619145,549.6718037364791,39310500
2024-09-16,552.7456665039062,553.0107833785631,549.8583920894029,551.665358696549,36656100
2024-09-17,552.9716186523438,556.4186780878246,550.73248057987,554.9651804135709,49321000
2024-09-18,551.33154296875,558.4907782007374,550.771758494403,553.6295424523687,59044900
2024-09-19,560.73974609375,562.6056945402063,557.8917920771589,560.7692368305202,75315500
2024-09-20,559.7704467773438,560.8146268159833,556.7363903893743,559.3665913435013,77503100
2024-09-23,561.169189453125,561.8193743965802,559.6226102686882,560.844157105768,44116900
2024-09-24,562.77490234375,562.8340046033333,559.1301026711176,561.9671313798626,46805700
2024-09-25,561.5336303710938,563.3560600605995,560.4204878396197,562.6172518383486,38428600
2024-09-26,563.7599487304688,566.1340196278296,561.3957983542562,565.8089271560161,48336000
2024-09-27,562.9423217773438,565.651285439919,561.908002221962,564.8337142422162,42100900
2024-09-30,565.1981811523438,565.8089245059994,559.6029471264981,561.9079952356186,63557400
2024-10-01,560.1348876953125,565.4937128909536,557.5539888818164,564.8435880512217,72668800
2024-10-02,560.371337890625,561.3958572731079,556.8349422897517,559.2385345053339,38097800
2024-10-03,559.3468017578125,561.2972362765911,557.0515539848665,558.8936443913503,40846500
2024-10-04,564.4297485351562,564.8040828361078,559.6225649986515,563.8091448322295,42939100
2024-10-07,559.3270874023438,563.425044167477,558.1745633665616,562.7748592374886,49964700
2024-10-08,564.616943359375,565.2178864241666,561.0313063853904,561.9079798048728,37398700
2024-10-09,568.5277099609375,569.0892114172115,564.0061772469245,564.6070601630827,37912200
2024-10-10,567.5327758789062,568.9611504574567,565.9172341469683,567.1781623643931,44138100
2024-10-11,570.9313354492188,571.6701437051296,567.3160570940822,567.4539823983677,42268000
2024-10-14,575.6005859375,576.5364217400751,572.0641306807273,572.54680911459,36217200
2024-10-15,571.12841796875,576.1720113378304,569.9068710302905,575.8666396343095,54203600
2024-10-16,573.6107177734375,574.1328378005626,570.3205920106161,571.1283629185417,30725400
2024-10-17,573.6600341796875,577.3737967345479,573.4728669922558,577.1669087512673,34393700
2024-10-18,575.8665771484375,576.6546272535265,573.8865614270069,575.3543175241635,37416800
2024-10-21,574.9208984375,576.1226643625554,571.936084169767,575.1375866701346,36439000
2024-10-22,574.6155395507812,575.7779240387921,571.7194086656112,572.379393899403,34183800
2024-10-23,569.364990234375,573.0295101570803,565.8482560008526,572.5862132138965,49314600
2024-10-24,570.5963745117188,571.4041454083431,567.9662339927139,571.325322360671,34979900
2024-10-25,570.3993530273438,575.7385172942365,569.4537169426869,572.832526139626,47268200
2024-10-28,572.1626586914062,574.0146094523058,571.8572870300009,573.8865445500035,30174700
2024-10-29,573.088623046875,574.2115658329249,569.7984373596124,571.1972307374274,42899700
2024-10-30,571.3549194335938,574.6155241758808,570.645632233565,572.615787609554,41435800
2024-10-31,560.154541015625,567.0402238212235,559.9575134707092,566.9712611742847,60182500
2024-11-01,562.5187377929688,566.9614477579651,562.1050220014198,562.7945884035815,45667500
2024-11-04,561.30712890625,563.9569903576214,559.4157965332372,562.6566805623088,38217000
2024-11-05,568.09423828125,568.1336197386994,562.0064662031886,562.2231544057043,39478300
2024-11-06,582.2202758789062,583.0970094221752,576.6546231997903,580.4077666623799,68182000
2024-11-07,586.7221069335938,587.7466262080364,584.1510685994552,584.2298916492671,47233200
2024-11-08,589.2636108398438,590.6919854789882,587.2737347167168,587.2737347167168,46444900
2024-11-11,589.8251342773438,591.214067381988,588.0913879024889,590.8594538392326,37586800
2024-11-12,587.992919921875,590.3472099973874,585.5006444102133,589.7463270131273,43006100
2024-11-13,588.278564453125,590.2881013518266,586.0818603831444,588.4558712273305,47388600
2024-11-14,584.4957885742188,588.8892564552813,583.8062823316938,588.406578035767,38904100
2024-11-15,577.0092163085938,581.3928237454572,575.1474051756758,580.9199456029655,75988800
2024-11-18,579.3734741210938,580.6934445713057,576.6054081851684,577.4722212479682,37001700
2024-11-19,581.4913330078125,582.2202808592402,575.3149369393851,575.9847825359503,49412000
2024-11-20,581.6883544921875,581.9740053669792,575.9059534750936,581.5701499836966,50032600
2024-11-21,584.8110961914062,586.2394709664421,578.6839413917952,584.5451660811236,46750300
2024-11-22,586.6235961914062,587.2540603121174,584.2988273861976,584.8011664791351,38226400
2024-11-25,588.6134643554688,591.8937295695996,586.3182166457023,590.5737592167452,42441400
2024-11-26,591.6869506835938,592.3567963116076,589.1454333564441,589.8645208450938,45621300
2024-11-27,589.8941040039062,591.8839201005825,588.3672455728715,591.4997854868443,34000200
2024-11-29,593.5585327148438,594.3465828189082,590.4358533637491,590.7116438442056,30177400
2024-12-02,594.6224365234375,595.3021425181648,593.4797127608734,593.9722515940274,31746000
2024-12-03,594.8982543945312,595.1445238224464,593.3517352966707,594.3860548690404,26906600
2024-12-04,598.5922241210938,598.8384935195138,595.9227023218134,596.5925478705923,42787600
2024-12-05,597.6072387695312,599.4000874816838,597.2526252109184,598.5923165152608,28762200
2024-12-06,598.7400512695312,599.9812587434141,597.9618615614095,598.3755773445807,31241500
2024-12-09,595.65673828125,598.7892779517493,595.0657157488416,598.6218315882949,34742700
2024-12-10,593.8047485351562,596.7599812519447,593.144763396562,596.3364051107953,37234500
2024-12-11,598.395263671875,599.3507600891794,596.4644899210008,596.7403405101395,28677700
2024-12-12,595.31201171875,598.0997382660831,595.31201171875,597.5284365007215,31543800
2024-12-13,595.19384765625,598.0702578450652,593.8147147595496,597.3511703289549,35904700
2024-12-16,597.7352294921875,598.710506843877,596.1788501366708,596.9570398144291,43695200
2024-12-17,595.2725830078125,596.1394561956839,593.8935102993782,595.1740992873428,55773500
2024-12-18,577.5313720703125,597.3609304879477,577.1471773446116,594.9671989364094,108248700
2024-12-19,577.3539428710938,584.1510021908508,577.1076734772528,582.5354605374066,85919500
2024-12-20,584.2886352539062,588.8352196171104,574.1674387147792,575.0175026728227,125716700
2024-12-23,587.7875366210938,588.3904419763173,580.8391036798633,584.0316546408188,57635800
2024-12-24,594.3207397460938,594.3603140779195,588.5583912679473,589.141569721849,33160100
2024-12-26,594.3604125976562,595.4871350336715,591.138241009476,592.5417425072483,41219100
2024-12-27,588.103759765625,590.8416278253472,583.9030892928905,590.6043628183209,64969300
2024-12-30,581.392578125,584.8717412480703,577.6268027117767,581.066451827259,56578800
2024-12-31,579.2774047851562,583.7844745956663,577.6366385699235,583.0629066605094,57052700
2025-01-02,577.8541870117188,584.268848917565,573.7622248829753,582.5490544849214,50204000
2025-01-03,585.0792846679688,585.7217039617416,579.623335665357,580.7106042287589,37888500
2025-01-06,588.4496459960938,592.73929818897,586.7100646520098,589.3491174151634,47679400
2025-01-07,581.7977905273438,590.8119300798394,579.9692875636829,590.485743490446,60393100
2025-01-08,582.6478881835938,583.7252632975457,578.4077031433151,581.8670792861259,47304700
2025-01-10,573.7523193359375,579.148967552338,571.8348342474784,579.0797727939155,73105000
2025-01-13,574.6419067382812,574.9977137931114,568.6719735158341,569.0871420731995,47910100
2025-01-14,575.4325561523438,578.209938228887,571.637100270467,577.5773521941201,48420600
2025-01-15,585.8997192382812,587.0462287462195,582.3612548768964,583.4781439602939,56900200
2025-01-16,584.77294921875,587.4514560986999,584.0711683508569,587.2735525674167,43319700
2025-01-17,590.6439819335938,592.4032903303786,588.6968161028142,590.0311830207747,58070600
2025-01-21,596.0504760742188,596.0603696579795,591.7213092581105,593.6980955549004,42532900
2025-01-22,599.401123046875,600.7651103716523,598.3336415912388,598.887139322545,48196000
2025-01-23,602.6726684570312,602.6726684570312,598.4917851169366,598.7685038038958,41152100
2025-01-24,600.9132690429688,603.6907113133817,599.7568661133088,602.731938724249,34604700
2025-01-27,592.4132080078125,592.7295010606359,587.7381276298589,587.9061375768574,70361100
2025-01-28,597.5034790039062,598.3435890966371,590.3178411060637,593.6487213775014,44433300
2025-01-29,594.8248901367188,597.1179695261326,592.2649252873389,596.7126945442042,37177400
2025-01-30,598.017333984375,599.5592247930683,593.747468592595,596.9499128814751,39281300
2025-01-31,594.834716796875,602.8802507591868,594.0736348384409,600.4487821213708,66566900
2025-02-03,590.831787109375,593.3224968021361,583.6362560871698,585.7909458950113,65857200
2025-02-04,594.7952270507812,595.3091504392034,590.3474581129256,590.8910622510958,33457800
2025-02-05,597.2068481445312,597.35513123978,591.6323569254649,593.668444292325,30653100
2025-02-06,599.2825317382812,599.4110276717307,595.6353586638426,598.9563451128535,35771500
2025-02-07,593.7969970703125,601.0715564826635,593.0853226024016,599.8459585772572,50788500
2025-02-10,597.82958984375,598.4720695404235,595.7440947156747,597.0191605249602,26048700
2025-02-11,598.2843017578125,598.8279059672569,595.4377244382205,595.5563267993089,30056700
2025-02-12,596.3568725585938,597.5330628123784,591.5631899435128,592.2451836255683,45076100
2025-02-13,602.6528930664062,602.8604773307252,596.1987176270893,597.4638293989674,40921300
2025-02-14,602.623291015625,603.8982964094444,602.0005985304107,602.8604957096632,26910400
2025-02-18,604.3925170898438,604.3925170898438,601.3186288745633,603.7896117473091,26749000
2025-02-19,605.8157958984375,606.1123017730542,602.4849158656623,602.9988995994843,31011100
2025-02-20,603.29541015625,604.5803091740476,599.9744236813096,604.4419196559093,36554000
2025-02-21,592.9765625,603.216300601011,592.5119863702242,603.0779110877393,76519800
2025-02-24,590.2782592773438,596.0307143030876,589.5665848823073,595.0324276294365,50737200
2025-02-25,587.3427124023438,590.9503713867966,582.7170398838512,590.2189701372146,58266500
2025-02-26,587.6392211914062,592.620761102799,584.9903348809851,589.013102100412,43321600
2025-02-27,578.2593994140625,591.0788899188873,577.8640783507352,589.9224264999975,74196700
2025-02-28,587.2833862304688,587.8170967698634,575.6796612579947,578.7634428057255,88744100
2025-03-03,576.9942626953125,590.4067643806418,573.1691862018861,589.2601945949107,74249200
2025-03-04,570.1644897460938,578.5955127414016,565.608011549554,572.9814465763258,109648200
2025-03-05,576.29248046875,578.0913631561872,566.4283366011412,569.9964212260836,71230500
2025-03-06,566.0626220703125,573.4359958315716,563.5026574515875,568.800429877349,80094900
2025-03-07,569.2353515625,570.6883208259039,559.0648080255879,564.2736590980126,81158800
2025-03-10,554.0734252929688,562.9293889302459,549.1413533370476,561.0020706313104,99326600
2025-03-11,549.467529296875,557.4735503902486,545.6128320238284,552.9071786453155,88102100
2025-03-12,552.38330078125,556.5740782812179,547.2634312637055,555.6449862636414,69588200
2025-03-13,545.0197143554688,552.6204598197313,543.2999199883595,552.0076609148241,74079400
2025-03-14,556.2775268554688,557.2857071377122,545.0889095501292,549.655280917059,62660300
2025-03-17,560.5672607421875,563.0975450711182,555.8229248395475,556.2578202863982,49008700
2025-03-18,554.5083618164062,558.4619345411708,552.571089463648,558.244456671408,66041400
2025-03-19,560.5474243164062,564.3230934716701,555.111261871823,556.2973457432603,66556000
2025-03-20,558.9263916015625,563.9474453254734,556.0699211298971,556.7914890984629,62958200
2025-03-21,559.11083984375,560.0130172119408,553.2122577806573,554.4514658625183,83763000
2025-03-24,569.1236572265625,570.1844265679264,565.2771506364932,565.8719462913679,58766800
2025-03-25,570.49169921875,571.4334488408351,568.7369614238087,570.3330467188074,38355700
2025-03-26,563.6810913085938,571.3542581528293,562.293154038674,570.2240858480267,51848300
2025-03-27,562.18408203125,565.971108987233,560.062543386952,562.2831944691987,42164200
2025-03-28,550.8626708984375,561.3811152230641,550.2777985606353,560.6475137101825,71662700
2025-03-31,554.5604858398438,555.869096797962,542.1485586831927,545.0830251203251,95328200
2025-04-01,556.1268310546875,558.0798545049701,548.8997911229003,552.6372621541935,54609600
2025-04-02,559.646240234375,562.5211668014963,550.0200496625995,550.2579679431105,76014500
2025-04-03,532.06640625,543.2390654249921,532.06640625,540.4037717910755,125986000
2025-04-04,500.9176330566406,521.3298644038904,500.69953122991006,519.1488461365848,217965100
2025-04-07,500.025390625,518.653143533525,477.6403203280687,484.9665325599909,256611400
2025-04-08,492.1936340332031,520.4475480659574,484.93682423959376,517.3544895320528,165816600
2025-04-09,543.8834838867188,543.8834838867188,488.7932402716448,489.17988772825765,241867300
2025-04-10,520.0509643554688,528.8939350431352,504.92270453590345,527.5754008869551,162331200
2025-04-11,529.3301391601562,531.7986316335475,515.5798930426869,518.4945124649533,97866300
2025-04-14,534.4654541015625,539.580938661594,529.2508571038156,539.3528832417228,68034000
2025-04-15,532.968505859375,538.5399805011373,532.1754247962592,535.0107183382963,56892900
2025-04-16,521.1216430664062,533.2460954669957,515.7980102587055,527.0896882471153,83484800
2025-04-17,521.8651733398438,526.5840872057769,519.3867572764926,523.0845951885916,79868100
2025-04-21,509.4433898925781,517.1958826970866,504.070170487947,516.6605060954281,69368100
2025-04-22,522.6979370117188,524.7302260402327,514.7075262081219,515.6493363944684,75948100
2025-04-23,530.79736328125,540.7209502963145,529.2706808590098,535.7641184612734,90590700
2025-04-24,541.9701538085938,542.7037553366079,530.8272040401201,532.086198348384,64150400
2025-04-25,545.8860473632812,546.2924809922215,538.9960382976576,541.9305048307399,61119600
2025-04-28,546.09423828125,548.7709400601335,540.3146148774163,546.629614941954,47613800
2025-04-29,549.5342407226562,550.6544896169489,543.8140371215516,544.1709145104755,47775100
2025-04-30,549.7523193359375,551.7152660165827,536.8447695388113,542.8425243498715,93101500
2025-05-01,553.6483764648438,559.2000647311057,553.0436574695955,555.5319968692943,63186100
2025-05-02,561.8668212890625,563.4728299899488,557.52463168794,559.8543184862792,60717300
2025-05-05,558.6448364257812,561.7577411466406,556.850465833372,557.7129496783965,38659200
2025-05-06,553.9755859375,558.4862913932635,552.1515054692122,553.1131019265209,48264700
2025-05-07,556.3052978515625,558.9522292842823,551.239369394788,555.3139314189718,55588000
2025-05-08,560.1815795898438,565.386253970535,556.8506025081723,560.3600183076248,65130800
2025-05-09,559.4677124023438,562.6004034437263,557.9013366275524,561.5891904044281,37603400
2025-05-12,577.9567260742188,577.9666494201874,572.0580835025086,576.4498296839446,78993600
2025-05-13,581.7734985351562,583.9941496422729,577.8080328415324,578.3730584556538,67947200
2025-05-14,582.5170288085938,583.8949821637985,580.4846792150129,582.7351003798474,66283500
2025-05-15,585.3622436523438,585.8677897044162,580.0484736048338,580.5045239452851,71268100
2025-05-16,589.0698852539062,589.367283051199,584.1923798537092,586.1453424794305,76052100
2025-05-19,589.7142944335938,590.3983396880136,583.0225710566098,583.0225710566098,68168500
2025-05-20,587.7315673828125,588.9212192076606,584.5096264657933,587.9695461543464,60614500
2025-05-21,577.8278198242188,587.4639329373288,576.7968205254032,583.3596614167781,95197700
2025-05-22,578.055908203125,581.5554004178355,576.3903592673228,577.6295673689441,70860400
2025-05-23,574.1101684570312,576.7868697784111,570.6304627900578,571.0071868542327,76029000
2025-05-27,586.0463256835938,586.2049176986301,573.4361124467979,581.0101669642168,72588500
2025-05-28,582.6558227539062,587.6523487169525,581.9222212137981,586.4527734503207,68445500
2025-05-29,584.9557495117188,588.0785779673218,581.0101304856973,587.9397721452495,69973300
2025-05-30,584.301513671875,586.0264816938155,578.2045855174352,583.8454633007033,90601200
2025-06-02,587.5928344726562,587.6721002233023,580.008856873824,582.6855584091887,61630500
2025-06-03,590.943603515625,591.9250465362925,586.740159298439,587.2259796444896,63606200
2025-06-04,590.7850341796875,592.7876138828078,590.3488304970734,591.8061707239787,57314200
2025-06-05,587.9298706054688,593.8285131802699,585.9471376733143,592.4703459624005,92278700
2025-06-06,593.96728515625,595.6426968087642,591.7069406984755,593.4913881340742,66588700
2025-06-09,594.5026245117188,596.0590770966814,593.322896017802,594.5422573867003,53016400
2025-06-10,597.873291015625,598.2598779419187,593.9177485918233,595.0379370041686,66247000
2025-06-11,596.1681518554688,599.8362200559476,594.0962297274801,598.9737360301211,73658200
2025-06-12,598.5374755859375,598.5374755859375,594.3440149953893,594.8297748594797,64129000
2025-06-13,591.845703125,596.6538056556503,590.3388069302991,593.3327526303392,89506000
2025-06-16,597.4767456054688,599.2314836456252,595.0379622706928,595.2164614851225,79984100
2025-06-17,592.3712158203125,596.5547531382241,591.6078443016146,595.0280706090336,82209400
2025-06-18,592.281982421875,596.0293161899417,591.3203254879343,593.2733488854554,76605000
2025-06-20,590.8909912109375,596.0414436168163,589.4790454395113,594.9675856083323,94051400
2025-06-23,596.7274780273438,597.1152078061239,588.5145735944315,591.6465733053511,87426000
2025-06-24,603.3196411132812,604.3834856367664,599.9688039561656,600.8836010096178,67735300
2025-06-25,603.65771484375,605.1392079707367,602.086708265907,604.4431877891288,62114800
2025-06-26,608.380615234375,608.8181084243395,604.9005750782753,605.517034479532,78548400
2025-06-27,611.4032592773438,612.8748603878714,607.3465704310272,609.3848675360332,86258400
2025-06-30,614.3264770507812,615.6886593072754,611.5325044540273,613.8591865146053,92502500
2025-07-01,614.127685546875,615.3009489521946,612.0098276707645,612.8450033281383,70030100
2025-07-02,616.9117431640625,616.9514932068568,613.0936150077308,613.7200271324969,66510400
2025-07-03,621.7738647460938,622.7085065821568,618.8804257837007,618.9003311484321,51065800
2025-07-07,617.1403198242188,620.4712515380828,614.3463473867639,619.8050287830624,74814500
2025-07-08,616.8023681640625,618.5622329876766,615.9870371559156,617.8065573856337,59024600
2025-07-09,620.5010986328125,621.1573080723725,617.3690382262929,619.2184771119485,66113300
2025-07-10,622.2510375976562,623.2950374474425,619.4570650879599,620.6402811009391,57529000
2025-07-11,620.0636596679688,621.2965785748338,617.9856123550688,619.1886732139827,63670200
2025-07-14,621.246826171875,621.5948059142781,618.2539819137044,619.6062115300674,51898500
2025-07-15,618.592041015625,624.2793915612978,618.5124802515571,623.9413645164026,74317300
2025-07-16,620.66015625,621.1672575214722,614.5253596449445,620.1829130237127,88987500
2025-07-17,624.4583740234375,624.8163671275224,620.6204015046147,620.8391784397268,68885700
2025-07-18,624.0010375976562,625.8802131347736,622.8874296174818,625.7111996075373,65621600
2025-07-21,625.1842651367188,627.9384270926762,624.7567246264017,625.1842651367188,63375000
2025-07-22,625.2737426757812,626.1387764125508,622.6189860590433,625.5123643014988,60046300
2025-07-23,630.5932006835938,630.5932006835938,626.138708302101,627.9483363497261,70511000
2025-07-24,630.802001953125,632.5221773472229,630.3744614468128,630.9809681636451,71307100
2025-07-25,633.4667358398438,633.9440397736063,631.2196750953526,631.4682494008442,56865400
2025-07-28,633.3076782226562,634.4013808975731,631.9156378299562,633.8445768779104,54917100
2025-07-29,631.6372680664062,635.0277949185313,630.722531607152,634.7096125224674,60556300
2025-07-30,630.841796875,634.0434045947875,627.9384054781906,632.2934318863223,80418900
2025-07-31,628.475341796875,636.200989166749,627.1728149946817,635.8132594113927,103385200
2025-08-01,618.1743774414062,622.7680859762785,615.7582427178595,622.7282752516747,140103600
2025-08-04,627.570556640625,627.6202593639928,622.0124691896333,622.1019219542782,73218000
2025-08-05,624.3887939453125,629.0023475949919,623.464104816374,628.187016594973,68051400
2025-08-06,629.17138671875,629.8275961427472,624.5478806448895,625.462617040701,64357500
2025-08-07,628.6444091796875,633.3474155493337,625.5223013845391,632.6116453260242,74205800
2025-08-08,633.5462646484375,634.0136158764692,630.125879949944,630.4440623273716,64051600
2025-08-11,632.29345703125,635.3062066703783,631.0406328520911,633.824713555593,58742300
2025-08-12,639.0248413085938,639.1839021511607,633.1584638161933,634.6499095494731,64730800
2025-08-13,641.2123413085938,642.5049155421342,639.0149226306152,641.2321859855442,60092800
2025-08-14,641.27197265625,641.9381347685223,638.6768716045066,639.1242567818475,59327500
2025-08-15,639.7705688476562,642.4054806038605,638.8558324502803,642.3060144753327,68592500
2025-08-18,639.6314086914062,640.3274289037191,638.5178006265407,639.1939154739885,43804900
2025-08-19,636.1612548828125,640.4367204754008,634.8388226855677,639.4523760102862,69750700
2025-08-20,634.470947265625,636.0120957287904,629.3404006137462,635.7536294439067,88890300
2025-08-21,631.9255981445312,634.3317804706619,630.195530658508,632.6514763962614,54805800
2025-08-22,641.6299438476562,642.8131599802851,633.6159105915494,634.1230118894028,84083200
2025-08-25,638.8060913085938,641.6100166878209,638.686780499868,640.3671451910226,51274300
2025-08-26,641.4807739257812,641.8288143683822,637.9112808564007,638.5376929659955,51581600
2025-08-27,642.9423828125,643.6781530071313,640.7449642231398,640.8941330732226,48341100
2025-08-28,645.2192993164062,645.7761033013204,641.6597591604225,643.548887361664,61519500
2025-08-29,641.3713989257812,644.1455269630451,639.472317969575,643.777581165663,74522200
2025-09-02,636.6187133789062,636.8374296419402,631.2991867317828,633.8644906037873,81983500
2025-09-03,640.06884765625,640.5361988813526,636.8075845104526,639.0049424066366,70820900
2025-09-04,645.418212890625,645.4480709373178,639.8402199968853,640.7450037735979,65219200
2025-09-05,643.5488891601562,648.4905776412766,639.6612139364762,647.7646994415851,85178900
2025-09-08,645.1298828125,646.1341327155172,643.5389708468488,644.9210585487652,63133100
2025-09-09,646.6212768554688,647.148222783044,643.5289666240282,645.2689866211995,66133900
2025-09-10,648.4905395507812,650.817160801947,646.9195331255914,649.8924717726807,78034500
2025-09-11,653.8796997070312,654.5757199134183,649.8627606991871,650.4493620868353,69934400
2025-09-12,653.6608276367188,655.351144838518,653.1537870945498,653.8497465125743,72780100
2025-09-15,657.1409301757812,657.2701936656516,655.5799369896564,655.8782140097094,63772400
2025-09-16,656.2361450195312,658.0060231465056,655.450672087237,657.6977327581834,61169000
2025-09-17,655.4208374023438,657.9463305061431,650.5686620900484,656.2461210913638,101952200
2025-09-18,658.4832153320312,661.098221592467,656.504573788396,658.1153302554297,90459200
2025-09-19,661.74462890625,662.5921003065068,658.4244226642126,660.3786700487054,97945600
2025-09-22,664.8753662109375,665.3239917254978,660.2190812650523,660.2490220888672,69452200
2025-09-23,661.256103515625,665.3739407705357,660.0296859026699,664.7557113987294,81708900
2025-09-24,659.1522216796875,662.6518901422049,657.7264420940938,662.5522091075384,68082200
2025-09-25,656.1112670898438,657.4672457066506,652.4819765077987,656.0016057727498,89622100
2025-09-26,659.8701782226562,660.4185456623683,655.9417836675868,657.5669862915963,69179200
2025-09-29,661.7246704101562,663.3199930316334,659.9100251593522,662.4026597035332,73499000
2025-09-30,664.21728515625,664.6859320813617,659.6607420426623,660.976860345401,86288000
2025-10-01,666.4806518554688,667.3979243492374,661.1065170498754,661.2161783670498,72545400
2025-10-02,667.248291015625,668.5943501107935,664.8155382515555,668.4747085274895,56896000
2025-10-03,667.2384033203125,670.6981508367895,666.1914481336265,668.0160736487628,70494400
2025-10-06,669.6312866210938,670.5286593813627,667.4876574687494,669.6412668959266,54623300
2025-10-07,667.1486206054688,671.0072138668005,665.7028804529681,670.5585274945992,72020100
2025-10-08,671.1268920898438,671.2266339865188,667.4477610054765,668.2753327277967,60702200
2025-10-09,669.1826171875,671.9544560264949,667.2384109165724,671.5456907353398,66501900
2025-10-10,651.0960693359375,671.9643973425017,650.9166069608107,670.1497521868876,159422600
2025-10-13,661.0865478515625,663.170417127303,657.8262232173948,658.7036354539871,79560500
2025-10-14,660.2789306640625,663.8683609233883,651.2456255038628,655.2338407773344,88779600
2025-10-15,663.2102661132812,668.2553559603689,656.988660072404,664.855429242796,81702600
2025-10-16,658.6936645507812,666.7398963555108,655.1740352792065,664.8554499895176,110563300
2025-10-17,662.4326171875,663.7985760836355,656.2010306703355,657.5570092911896,96500900
2025-10-20,669.3222045898438,670.2295576279439,665.3041094156895,665.3539499346838,60493400
2025-10-21,669.3121948242188,671.0071983826805,668.0060568363804,669.4617772299453,56249000
2025-10-22,665.83251953125,670.0201576878661,661.3457774038759,670.0201576878661,80564000
2025-10-23,669.7808837890625,670.7280970890292,665.8325287543602,666.1515932793667,65604500
2025-10-24,675.2546997070312,676.4710761570719,673.6594379369009,674.4670490970213,74356500
2025-10-27,683.2211303710938,683.5202343374859,680.1103274099472,680.7185156175003,63339800
2025-10-28,685.0357666015625,686.8802917495992,682.8123561492805,685.0257863269245,61738100
2025-10-29,685.3648071289062,687.6679989086465,680.8581046045199,686.6908448301914,85657100
2025-10-30,677.8270874023438,683.919071384824,677.8270874023438,681.8851035842282,76335800
2025-10-31,680.050537109375,683.0616591685175,677.2388379885472,683.0217380676526,87164100
2025-11-03,681.3267822265625,683.7794956694769,677.9367749059246,683.6498738048132,57315000
2025-11-04,673.2506103515625,677.9567360174515,672.5925816080086,674.1180423048241,78427000
2025-11-05,675.583740234375,678.8540450990596,672.1837526501265,672.9913638051393,74402400
2025-11-06,668.3351440429688,675.384321857154,666.7498016918889,674.4769688014325,85035300
2025-11-07,668.9931640625,669.1028862313885,659.2619700189845,665.9421818455136,100592400
2025-11-10,679.432373046875,680.1701831536659,673.0412846911101,675.2447347362015,75842900
2025-11-11,680.9877319335938,681.5560598909952,676.7302928180768,677.9467300747958,58953400
2025-11-12,681.3666381835938,682.9420002443612,678.9438047256676,682.7724572806613,62312500
2025-11-13,670.0599975585938,678.8540191634994,668.5445172010542,678.4950944095032,103457800
2025-11-14,669.9503784179688,673.669369761962,661.3159189526839,663.4196879466924,96846700
2025-11-17,663.7088012695312,671.7251529532939,660.2191128892804,667.7269573864955,90456100
2025-11-18,658.1353149414062,663.1604443809363,653.9277160969795,660.1493223141129,114467500
2025-11-19,660.6777954101562,665.3739409367662,656.8092216159307,658.8332701356088,94703000
2025-11-20,650.6075439453125,673.5696612658603,649.969414909385,670.9274443593279,165293500
2025-11-21,657.08837890625,662.5920743656175,648.9324254696204,653.1200634979649,123956200
2025-11-24,666.759765625,668.0858642133718,659.6408477705503,660.7375826041805,80437900
2025-11-25,673.03125,674.2177464111714,662.5222643995295,666.6600618545837,81077100
2025-11-26,677.6775512695312,679.6916195137131,674.7262499751725,675.6336030547216,71879600
2025-11-28,681.3765869140625,681.6557303234264,678.4950869285864,678.8540116786253,49212000
2025-12-01,678.2658081054688,680.9777652313311,676.7402865806703,676.8100876493213,61201200
2025-12-02,679.5220947265625,681.8053259843603,677.3285642303521,679.91089945233,62953800
2025-12-03,681.8751220703125,682.8920755410956,677.6874840363832,678.5648962284573,57238500
2025-12-04,682.3736572265625,683.3507504660292,679.3326553413237,683.2809493981625,61970300
2025-12-05,683.6697998046875,686.3618571461667,682.5630847287977,683.4504163312143,79241000
2025-12-08,681.6159057617188,684.6170474876437,679.5619773329797,684.5672069678625,55231500
2025-12-09,681.027587890625,683.3707007727439,680.5789623765876,681.1373100558188,58310100
2025-12-10,685.5443115234375,686.9401503769751,679.3027447895911,680.5490620813229,85671300
2025-12-11,687.1395263671875,687.2193077079016,680.1601500103427,683.1214313379483,86173700
2025-12-12,679.7514038085938,686.8504219479569,677.1690077077839,686.1424918468441,113160300
2025-12-15,678.7244262695312,683.7396361862291,677.2488060921288,683.7196756361553,90811000
2025-12-16,676.8699340820312,679.0734449717613,672.9913800472318,677.2288588584025,122030600
2025-12-17,669.4219360351562,678.4352803496147,669.2225131069573,677.8869129385677,110625200
2025-12-18,674.4769287109375,678.7343677454887,672.9116078583543,675.603604329658,108650100
2025-12-19,680.5900268554688,681.0900268554688,676.469970703125,676.5900268554688,103599500
2025-12-22,684.8300170898438,685.3599853515625,680.5900268554688,683.9400024414062,69556700
2025-12-23,687.9600219726562,688.2000122070312,683.8699951171875,683.9199829101562,64840000
2025-12-24,690.3800048828125,690.8300170898438,687.7999877929688,687.9500122070312,39445600
2025-12-26,690.3099975585938,691.6599731445312,689.27001953125,690.6400146484375,41613300
2025-12-29,687.8499755859375,689.2000122070312,686.0700073242188,687.5399780273438,62559500
2025-12-30,687.010009765625,688.5599975585938,686.5800170898438,687.4500122070312,47160700
2025-12-31,681.9199829101562,687.3599853515625,681.7100219726562,687.1400146484375,74144800
2026-01-02,683.1699829101562,686.8699951171875,679.8200073242188,685.7100219726562,89377200
2026-01-05,687.719970703125,689.4299926757812,686.3800048828125,686.5399780273438,71927200
2026-01-06,691.8099975585938,692.3200073242188,687.780029296875,687.9299926757812,69273800
2026-01-07,689.5800170898438,693.9600219726562,689.3200073242188,692.1900024414062,75588300
2026-01-08,689.510009765625,690.6199951171875,687.489990234375,688.8200073242188,64019200
2026-01-09,694.0700073242188,695.3099975585938,689.1799926757812,690.6300048828125,80125500
2026-01-12,695.1599731445312,696.0900268554688,690.6300048828125,690.6799926757812,63976000
2026-01-13,693.77001953125,696.0900268554688,691.3499755859375,695.489990234375,78309700
2026-01-14,690.3599853515625,691.719970703125,686.0399780273438,691.0,94676700
2026-01-15,692.239990234375,695.4500122070312,691.25,694.5700073242188,77862000
2026-01-16,691.6599731445312,694.25,690.0999755859375,693.6599731445312,79289200
2026-01-20,677.5800170898438,684.77001953125,676.5700073242188,681.489990234375,111623300
2026-01-21,685.4000244140625,688.739990234375,678.1300048828125,679.6500244140625,127844500
2026-01-22,688.97998046875,691.1300048828125,686.9199829101562,689.8499755859375,77112200
2026-01-23,689.22998046875,690.9600219726562,687.1599731445312,688.1500244140625,63059600
2026-01-26,692.72998046875,694.1300048828125,689.9199829101562,690.489990234375,60473800
2026-01-27,695.489990234375,696.530029296875,693.5700073242188,694.1799926757812,55506100
2026-01-28,695.4199829101562,697.8400268554688,693.9400024414062,697.0499877929688,61172200
2026-01-29,694.0399780273438,697.0599975585938,684.8300170898438,696.3900146484375,97486200
2026-01-30,691.969970703125,694.2100219726562,687.1199951171875,691.7899780273438,101835100
2026-02-02,695.4099731445312,696.9299926757812,689.4199829101562,689.5800170898438,79286500
2026-02-03,689.530029296875,696.9600219726562,684.030029296875,696.2100219726562,107904600
2026-02-04,686.1900024414062,691.4500122070312,681.760009765625,690.3499755859375,105204600
2026-02-05,677.6199951171875,683.6900024414062,675.7899780273438,680.9400024414062,113610800
2026-02-06,690.6199951171875,692.3099975585938,680.8499755859375,681.4600219726562,89127600
2026-02-09,693.9500122070312,695.8699951171875,688.3400268554688,689.4199829101562,73885200
2026-02-10,692.1199951171875,696.5399780273438,691.6599731445312,694.9500122070312,65185700
2026-02-11,691.9600219726562,697.1400146484375,689.1799926757812,696.3900146484375,76353900
2026-02-12,681.27001953125,695.3499755859375,680.3699951171875,694.239990234375,118829000
2026-02-13,681.75,686.280029296875,677.52001953125,681.6900024414062,96267500
2026-02-17,682.8499755859375,684.9400024414062,675.780029296875,680.1400146484375,81354700
2026-02-18,686.2899780273438,689.1500244140625,682.8300170898438,684.02001953125,73570300
2026-02-19,684.47998046875,686.1799926757812,681.5499877929688,683.8400268554688,58649400
2026-02-20,689.4299926757812,690.0599975585938,681.72998046875,682.3200073242188,100034000
2026-02-23,682.3900146484375,690.0,680.3699951171875,687.8300170898438,90558100
2026-02-24,687.3499755859375,688.3499755859375,680.0,681.9000244140625,73798700
2026-02-25,693.1500244140625,693.6799926757812,690.0999755859375,690.1799926757812,56369500
2026-02-26,689.2999877929688,693.2999877929688,684.3499755859375,693.280029296875,71671000
2026-02-27,685.989990234375,686.8599853515625,681.6400146484375,683.0900268554688,83308900
2026-03-02,686.3800048828125,688.6199951171875,678.02001953125,678.7000122070312,87477200
2026-03-03,680.3300170898438,682.6099853515625,669.6599731445312,675.0599975585938,105003100
2026-03-04,685.1300048828125,687.0900268554688,679.6199951171875,681.6300048828125,79182200
2026-03-05,681.3099975585938,685.530029296875,675.6099853515625,682.0800170898438,106606500
2026-03-06,672.3800048828125,676.1099853515625,669.760009765625,673.4099731445312,100509800
